Position,Name + ID,Name,ID,Roster Position,Salary,Game Info,TeamAbbrev,AvgPointsPerGame
RB,Christian McCaffrey (41117048),Christian McCaffrey,41117048,RB/FLEX,9000,TEN@SF 12/14/2025 04:25PM ET,SF,25.73
RB,Jahmyr Gibbs (41117050),Jahmyr Gibbs,41117050,RB/FLEX,8800,DET@LAR 12/14/2025 04:25PM ET,DET,24.58
WR,Puka Nacua (41117364),Puka Nacua,41117364,WR/FLEX,8700,DET@LAR 12/14/2025 04:25PM ET,LAR,22.66
WR,Jaxon Smith-Njigba (41117366),Jaxon Smith-Njigba,41117366,WR/FLEX,8600,IND@SEA 12/14/2025 04:25PM ET,SEA,24.03
RB,Jonathan Taylor (41117052),Jonathan Taylor,41117052,RB/FLEX,8500,IND@SEA 12/14/2025 04:25PM ET,IND,25
WR,Ja'Marr Chase (41117368),Ja'Marr Chase,41117368,WR/FLEX,8100,BAL@CIN 12/14/2025 01:00PM ET,CIN,19.82
RB,James Cook III (41117054),James Cook III,41117054,RB/FLEX,8000,BUF@NE 12/14/2025 01:00PM ET,BUF,19.88
WR,Amon-Ra St. Brown (41117370),Amon-Ra St. Brown,41117370,WR/FLEX,7900,DET@LAR 12/14/2025 04:25PM ET,DET,18.65
WR,Rashee Rice (41117372),Rashee Rice,41117372,WR/FLEX,7700,LAC@KC 12/14/2025 01:00PM ET,KC,20.14
QB,Josh Allen (41116961),Josh Allen,41116961,QB,7500,BUF@NE 12/14/2025 01:00PM ET,BUF,25.46
TE,Trey McBride (41117860),Trey McBride,41117860,TE/FLEX,7400,ARI@HOU 12/14/2025 01:00PM ET,ARI,18.52
RB,Derrick Henry (41117056),Derrick Henry,41117056,RB/FLEX,7300,BAL@CIN 12/14/2025 01:00PM ET,BAL,15.58
WR,Davante Adams (41117374),Davante Adams,41117374,WR/FLEX,7200,DET@LAR 12/14/2025 04:25PM ET,LAR,16.52
RB,Saquon Barkley (41117058),Saquon Barkley,41117058,RB/FLEX,7100,LV@PHI 12/14/2025 01:00PM ET,PHI,14.93
QB,Matthew Stafford (41116962),Matthew Stafford,41116962,QB,7000,DET@LAR 12/14/2025 04:25PM ET,LAR,20.94
RB,Josh Jacobs (41117060),Josh Jacobs,41117060,RB/FLEX,6900,GB@DEN 12/14/2025 04:25PM ET,GB,17.4
QB,Jalen Hurts (41116963),Jalen Hurts,41116963,QB,6800,LV@PHI 12/14/2025 01:00PM ET,PHI,20.07
WR,A.J. Brown (41117376),A.J. Brown,41117376,WR/FLEX,6800,LV@PHI 12/14/2025 01:00PM ET,PHI,16.08
RB,Kyren Williams (41117062),Kyren Williams,41117062,RB/FLEX,6800,DET@LAR 12/14/2025 04:25PM ET,LAR,15.99
RB,Chase Brown (41117064),Chase Brown,41117064,RB/FLEX,6700,BAL@CIN 12/14/2025 01:00PM ET,CIN,14.74
WR,Nico Collins (41117378),Nico Collins,41117378,WR/FLEX,6700,ARI@HOU 12/14/2025 01:00PM ET,HOU,16.18
QB,Drake Maye (41116964),Drake Maye,41116964,QB,6700,BUF@NE 12/14/2025 01:00PM ET,NE,20.58
QB,Joe Burrow (41116965),Joe Burrow,41116965,QB,6600,BAL@CIN 12/14/2025 01:00PM ET,CIN,15.12
WR,Michael Wilson (41117380),Michael Wilson,41117380,WR/FLEX,6600,ARI@HOU 12/14/2025 01:00PM ET,ARI,12.25
RB,Rico Dowdle (41117066),Rico Dowdle,41117066,RB/FLEX,6600,CAR@NO 12/14/2025 04:25PM ET,CAR,14.79
WR,Tee Higgins (41117382),Tee Higgins,41117382,WR/FLEX,6500,BAL@CIN 12/14/2025 01:00PM ET,CIN,14.31
RB,Travis Etienne Jr. (41117068),Travis Etienne Jr.,41117068,RB/FLEX,6500,NYJ@JAX 12/14/2025 01:00PM ET,JAX,15.06
QB,Patrick Mahomes (41116966),Patrick Mahomes,41116966,QB,6500,LAC@KC 12/14/2025 01:00PM ET,KC,22.20
QB,Lamar Jackson (41116967),Lamar Jackson,41116967,QB,6400,BAL@CIN 12/14/2025 01:00PM ET,BAL,18.31
WR,Ladd McConkey (41117384),Ladd McConkey,41117384,WR/FLEX,6400,LAC@KC 12/14/2025 01:00PM ET,LAC,12.65
RB,Quinshon Judkins (41117070),Quinshon Judkins,41117070,RB/FLEX,6300,CLE@CHI 12/14/2025 01:00PM ET,CLE,13.17
WR,Zay Flowers (41117386),Zay Flowers,41117386,WR/FLEX,6300,BAL@CIN 12/14/2025 01:00PM ET,BAL,13.19
QB,Justin Herbert (41116968),Justin Herbert,41116968,QB,6300,LAC@KC 12/14/2025 01:00PM ET,LAC,19.47
RB,Breece Hall (41117072),Breece Hall,41117072,RB/FLEX,6200,NYJ@JAX 12/14/2025 01:00PM ET,NYJ,14.14
WR,Chris Olave (41117388),Chris Olave,41117388,WR/FLEX,6200,CAR@NO 12/14/2025 04:25PM ET,NO,14.52
QB,Brock Purdy (41116969),Brock Purdy,41116969,QB,6200,TEN@SF 12/14/2025 04:25PM ET,SF,17.84
RB,TreVeyon Henderson (41117074),TreVeyon Henderson,41117074,RB/FLEX,6100,BUF@NE 12/14/2025 01:00PM ET,NE,11.72
QB,Jared Goff (41116970),Jared Goff,41116970,QB,6100,DET@LAR 12/14/2025 04:25PM ET,DET,18.75
WR,Jameson Williams (41117390),Jameson Williams,41117390,WR/FLEX,6100,DET@LAR 12/14/2025 04:25PM ET,DET,13.18
WR,Stefon Diggs (41117392),Stefon Diggs,41117392,WR/FLEX,6000,BUF@NE 12/14/2025 01:00PM ET,NE,12.42
QB,Jayden Daniels (41116971),Jayden Daniels,41116971,QB,6000,WAS@NYG 12/14/2025 01:00PM ET,WAS,17.04
RB,RJ Harvey (41117076),RJ Harvey,41117076,RB/FLEX,6000,GB@DEN 12/14/2025 04:25PM ET,DEN,11.62
WR,Tetairoa McMillan (41117394),Tetairoa McMillan,41117394,WR/FLEX,6000,CAR@NO 12/14/2025 04:25PM ET,CAR,13.97
RB,Omarion Hampton (41117078),Omarion Hampton,41117078,RB/FLEX,5900,LAC@KC 12/14/2025 01:00PM ET,LAC,15.78
WR,Wan'Dale Robinson (41117396),Wan'Dale Robinson,41117396,WR/FLEX,5900,WAS@NYG 12/14/2025 01:00PM ET,NYG,13.85
TE,Brock Bowers (41117862),Brock Bowers,41117862,TE/FLEX,5900,LV@PHI 12/14/2025 01:00PM ET,LV,15.91
QB,Bo Nix (41116972),Bo Nix,41116972,QB,5900,GB@DEN 12/14/2025 04:25PM ET,DEN,18.97
WR,Rome Odunze (41117398),Rome Odunze,41117398,WR/FLEX,5800,CLE@CHI 12/14/2025 01:00PM ET,CHI,12.68
RB,Ashton Jeanty (41117080),Ashton Jeanty,41117080,RB/FLEX,5800,LV@PHI 12/14/2025 01:00PM ET,LV,14.42
WR,DeVonta Smith (41117400),DeVonta Smith,41117400,WR/FLEX,5800,LV@PHI 12/14/2025 01:00PM ET,PHI,13.22
QB,Sam Darnold (41116973),Sam Darnold,41116973,QB,5800,IND@SEA 12/14/2025 04:25PM ET,SEA,16.28
RB,D'Andre Swift (41117082),D'Andre Swift,41117082,RB/FLEX,5700,CLE@CHI 12/14/2025 01:00PM ET,CHI,15.02
QB,Trevor Lawrence (41116974),Trevor Lawrence,41116974,QB,5700,NYJ@JAX 12/14/2025 01:00PM ET,JAX,17.72
WR,Brian Thomas Jr. (41117402),Brian Thomas Jr.,41117402,WR/FLEX,5700,NYJ@JAX 12/14/2025 01:00PM ET,JAX,10.21
RB,Kimani Vidal (41117084),Kimani Vidal,41117084,RB/FLEX,5700,LAC@KC 12/14/2025 01:00PM ET,LAC,11.8
RB,Woody Marks (41117086),Woody Marks,41117086,RB/FLEX,5600,ARI@HOU 12/14/2025 01:00PM ET,HOU,9.62
WR,Marvin Harrison Jr. (41117404),Marvin Harrison Jr.,41117404,WR/FLEX,5600,ARI@HOU 12/14/2025 01:00PM ET,ARI,12.54
WR,Jakobi Meyers (41117406),Jakobi Meyers,41117406,WR/FLEX,5600,NYJ@JAX 12/14/2025 01:00PM ET,JAX,11.48
QB,Jaxson Dart (41116975),Jaxson Dart,41116975,QB,5600,WAS@NYG 12/14/2025 01:00PM ET,NYG,17.89
RB,Kenneth Walker III (41117088),Kenneth Walker III,41117088,RB/FLEX,5600,IND@SEA 12/14/2025 04:25PM ET,SEA,10.89
QB,Jacoby Brissett (41116976),Jacoby Brissett,41116976,QB,5500,ARI@HOU 12/14/2025 01:00PM ET,ARI,18.42
RB,Tyrone Tracy Jr. (41117092),Tyrone Tracy Jr.,41117092,RB/FLEX,5500,WAS@NYG 12/14/2025 01:00PM ET,NYG,8.34
WR,Christian Watson (41117408),Christian Watson,41117408,WR/FLEX,5500,GB@DEN 12/14/2025 04:25PM ET,GB,14.36
WR,Courtland Sutton (41117410),Courtland Sutton,41117410,WR/FLEX,5500,GB@DEN 12/14/2025 04:25PM ET,DEN,12.95
RB,Alvin Kamara (41117090),Alvin Kamara,41117090,RB/FLEX,5500,CAR@NO 12/14/2025 04:25PM ET,NO,9.34
RB,Trey Benson (41117096),Trey Benson,41117096,RB/FLEX,5400,ARI@HOU 12/14/2025 01:00PM ET,ARI,8.85
RB,Kareem Hunt (41117094),Kareem Hunt,41117094,RB/FLEX,5400,LAC@KC 12/14/2025 01:00PM ET,KC,10.45
WR,Terry McLaurin (41117412),Terry McLaurin,41117412,WR/FLEX,5400,WAS@NYG 12/14/2025 01:00PM ET,WAS,11.5
QB,Jordan Love (41116977),Jordan Love,41116977,QB,5400,GB@DEN 12/14/2025 04:25PM ET,GB,17.65
TE,George Kittle (41117864),George Kittle,41117864,TE/FLEX,5400,TEN@SF 12/14/2025 04:25PM ET,SF,13.29
QB,Caleb Williams (41116978),Caleb Williams,41116978,QB,5300,CLE@CHI 12/14/2025 01:00PM ET,CHI,18.89
WR,Khalil Shakir (41117414),Khalil Shakir,41117414,WR/FLEX,5300,BUF@NE 12/14/2025 01:00PM ET,BUF,10.92
WR,Deebo Samuel Sr. (41117416),Deebo Samuel Sr.,41117416,WR/FLEX,5300,WAS@NYG 12/14/2025 01:00PM ET,WAS,13.25
RB,Devin Neal (41117098),Devin Neal,41117098,RB/FLEX,5300,CAR@NO 12/14/2025 04:25PM ET,NO,5.53
RB,Kyle Monangai (41117100),Kyle Monangai,41117100,RB/FLEX,5200,CLE@CHI 12/14/2025 01:00PM ET,CHI,9.5
QB,C.J. Stroud (41116979),C.J. Stroud,41116979,QB,5200,ARI@HOU 12/14/2025 01:00PM ET,HOU,15.16
WR,Troy Franklin (41117418),Troy Franklin,41117418,WR/FLEX,5200,GB@DEN 12/14/2025 04:25PM ET,DEN,10.85
RB,Tony Pollard (41117102),Tony Pollard,41117102,RB/FLEX,5200,TEN@SF 12/14/2025 04:25PM ET,TEN,10.95
WR,Jauan Jennings (41117420),Jauan Jennings,41117420,WR/FLEX,5200,TEN@SF 12/14/2025 04:25PM ET,SF,10.71
RB,Rhamondre Stevenson (41117104),Rhamondre Stevenson,41117104,RB/FLEX,5100,BUF@NE 12/14/2025 01:00PM ET,NE,9.08
QB,Bryce Young (41116980),Bryce Young,41116980,QB,5100,CAR@NO 12/14/2025 04:25PM ET,CAR,14.88
RB,Zach Charbonnet (41117106),Zach Charbonnet,41117106,RB/FLEX,5100,IND@SEA 12/14/2025 04:25PM ET,SEA,9.67
WR,Michael Pittman Jr. (41117422),Michael Pittman Jr.,41117422,WR/FLEX,5100,IND@SEA 12/14/2025 04:25PM ET,IND,14.3
WR,Ricky Pearsall (41117424),Ricky Pearsall,41117424,WR/FLEX,5100,TEN@SF 12/14/2025 04:25PM ET,SF,9.36
WR,DJ Moore (41117426),DJ Moore,41117426,WR/FLEX,5000,CLE@CHI 12/14/2025 01:00PM ET,CHI,9.43
WR,Kayshon Boutte (41117428),Kayshon Boutte,41117428,WR/FLEX,5000,BUF@NE 12/14/2025 01:00PM ET,NE,10.56
QB,Marcus Mariota (41116981),Marcus Mariota,41116981,QB,5000,WAS@NYG 12/14/2025 01:00PM ET,WAS,12.90
RB,Devin Singletary (41117110),Devin Singletary,41117110,RB/FLEX,5000,WAS@NYG 12/14/2025 01:00PM ET,NYG,5.63
RB,David Montgomery (41117108),David Montgomery,41117108,RB/FLEX,5000,DET@LAR 12/14/2025 04:25PM ET,DET,11.37
RB,Zonovan Knight (41117112),Zonovan Knight,41117112,RB/FLEX,4900,ARI@HOU 12/14/2025 01:00PM ET,ARI,8.56
WR,Quentin Johnston (41117432),Quentin Johnston,41117432,WR/FLEX,4900,LAC@KC 12/14/2025 01:00PM ET,LAC,11.42
TE,Travis Kelce (41117866),Travis Kelce,41117866,TE/FLEX,4900,LAC@KC 12/14/2025 01:00PM ET,KC,12.68
RB,Chris Rodriguez Jr. (41117114),Chris Rodriguez Jr.,41117114,RB/FLEX,4900,WAS@NYG 12/14/2025 01:00PM ET,WAS,5.71
QB,Tyler Shough (41116982),Tyler Shough,41116982,QB,4900,CAR@NO 12/14/2025 04:25PM ET,NO,12.30
WR,Alec Pierce (41117430),Alec Pierce,41117430,WR/FLEX,4900,IND@SEA 12/14/2025 04:25PM ET,IND,11.81
QB,Philip Rivers (41150968),Philip Rivers,41150968,QB,4900,IND@SEA 12/14/2025 04:25PM ET,IND,0
WR,Luther Burden III (41117434),Luther Burden III,41117434,WR/FLEX,4800,CLE@CHI 12/14/2025 01:00PM ET,CHI,6.77
RB,Joe Mixon (41117116),Joe Mixon,41117116,RB/FLEX,4800,ARI@HOU 12/14/2025 01:00PM ET,HOU,0
QB,Tyrod Taylor (41116983),Tyrod Taylor,41116983,QB,4800,NYJ@JAX 12/14/2025 01:00PM ET,NYJ,10.91
QB,Justin Fields (41116984),Justin Fields,41116984,QB,4800,NYJ@JAX 12/14/2025 01:00PM ET,NYJ,16.30
WR,Keenan Allen (41117436),Keenan Allen,41117436,WR/FLEX,4800,LAC@KC 12/14/2025 01:00PM ET,LAC,11.88
RB,Blake Corum (41117118),Blake Corum,41117118,RB/FLEX,4800,DET@LAR 12/14/2025 04:25PM ET,LAR,6.87
QB,Shedeur Sanders (41116985),Shedeur Sanders,41116985,QB,4700,CLE@CHI 12/14/2025 01:00PM ET,CLE,15.44
WR,Parker Washington (41117440),Parker Washington,41117440,WR/FLEX,4700,NYJ@JAX 12/14/2025 01:00PM ET,JAX,9.27
RB,Isiah Pacheco (41117122),Isiah Pacheco,41117122,RB/FLEX,4700,LAC@KC 12/14/2025 01:00PM ET,KC,6.85
WR,Romeo Doubs (41117438),Romeo Doubs,41117438,WR/FLEX,4700,GB@DEN 12/14/2025 04:25PM ET,GB,10.09
TE,Tyler Warren (41117868),Tyler Warren,41117868,TE/FLEX,4700,IND@SEA 12/14/2025 04:25PM ET,IND,12.36
RB,Tyjae Spears (41117120),Tyjae Spears,41117120,RB/FLEX,4700,TEN@SF 12/14/2025 04:25PM ET,TEN,8.2
RB,Nick Chubb (41117124),Nick Chubb,41117124,RB/FLEX,4600,ARI@HOU 12/14/2025 01:00PM ET,HOU,6.38
RB,Tank Bigsby (41117126),Tank Bigsby,41117126,RB/FLEX,4600,LV@PHI 12/14/2025 01:00PM ET,PHI,1.68
RB,Chuba Hubbard (41117128),Chuba Hubbard,41117128,RB/FLEX,4600,CAR@NO 12/14/2025 04:25PM ET,CAR,9.97
WR,Rashid Shaheed (41117444),Rashid Shaheed,41117444,WR/FLEX,4600,IND@SEA 12/14/2025 04:25PM ET,SEA,9.74
QB,Cam Ward (41116986),Cam Ward,41116986,QB,4600,TEN@SF 12/14/2025 04:25PM ET,TEN,10.80
WR,Brandon Aiyuk (41117442),Brandon Aiyuk,41117442,WR/FLEX,4600,TEN@SF 12/14/2025 04:25PM ET,SF,0
RB,Bhayshul Tuten (41117134),Bhayshul Tuten,41117134,RB/FLEX,4500,NYJ@JAX 12/14/2025 01:00PM ET,JAX,5.54
WR,Xavier Worthy (41117448),Xavier Worthy,41117448,WR/FLEX,4500,LAC@KC 12/14/2025 01:00PM ET,KC,8.93
RB,Ty Johnson (41117130),Ty Johnson,41117130,RB/FLEX,4500,BUF@NE 12/14/2025 01:00PM ET,BUF,4.58
TE,Dalton Kincaid (41117870),Dalton Kincaid,41117870,TE/FLEX,4500,BUF@NE 12/14/2025 01:00PM ET,BUF,13.1
QB,Geno Smith (41116987),Geno Smith,41116987,QB,4500,LV@PHI 12/14/2025 01:00PM ET,LV,13.13
QB,Kenny Pickett (41116988),Kenny Pickett,41116988,QB,4500,LV@PHI 12/14/2025 01:00PM ET,LV,2.6
WR,Jayden Reed (41117446),Jayden Reed,41117446,WR/FLEX,4500,GB@DEN 12/14/2025 04:25PM ET,GB,7.6
RB,Brian Robinson Jr. (41117132),Brian Robinson Jr.,41117132,RB/FLEX,4500,TEN@SF 12/14/2025 04:25PM ET,SF,4.13
WR,Jerry Jeudy (41117450),Jerry Jeudy,41117450,WR/FLEX,4400,CLE@CHI 12/14/2025 01:00PM ET,CLE,7.59
RB,Emari Demercado (41117138),Emari Demercado,41117138,RB/FLEX,4400,ARI@HOU 12/14/2025 01:00PM ET,ARI,4.83
WR,Adonai Mitchell (41117454),Adonai Mitchell,41117454,WR/FLEX,4400,NYJ@JAX 12/14/2025 01:00PM ET,NYJ,5.17
TE,Hunter Henry (41117872),Hunter Henry,41117872,TE/FLEX,4400,BUF@NE 12/14/2025 01:00PM ET,NE,10.69
RB,Jacory Croskey-Merritt (41117142),Jacory Croskey-Merritt,41117142,RB/FLEX,4400,WAS@NYG 12/14/2025 01:00PM ET,WAS,7.37
WR,Darius Slayton (41117452),Darius Slayton,41117452,WR/FLEX,4400,WAS@NYG 12/14/2025 01:00PM ET,NYG,7.37
RB,Emanuel Wilson (41117136),Emanuel Wilson,41117136,RB/FLEX,4400,GB@DEN 12/14/2025 04:25PM ET,GB,6.14
QB,Riley Leonard (41116989),Riley Leonard,41116989,QB,4400,IND@SEA 12/14/2025 04:25PM ET,IND,5.7
QB,Anthony Richardson Sr. (41116990),Anthony Richardson Sr.,41116990,QB,4400,IND@SEA 12/14/2025 04:25PM ET,IND,1.08
RB,Dylan Sampson (41117144),Dylan Sampson,41117144,RB/FLEX,4300,CLE@CHI 12/14/2025 01:00PM ET,CLE,5.88
RB,Keaton Mitchell (41117148),Keaton Mitchell,41117148,RB/FLEX,4300,BAL@CIN 12/14/2025 01:00PM ET,BAL,4.61
QB,Brady Cook (41116991),Brady Cook,41116991,QB,4300,NYJ@JAX 12/14/2025 01:00PM ET,NYJ,4.52
WR,John Metchie III (41117458),John Metchie III,41117458,WR/FLEX,4300,NYJ@JAX 12/14/2025 01:00PM ET,NYJ,4.29
QB,Trey Lance (41116992),Trey Lance,41116992,QB,4300,LAC@KC 12/14/2025 01:00PM ET,LAC,1.73
TE,Oronde Gadsden II (41117874),Oronde Gadsden II,41117874,TE/FLEX,4300,LAC@KC 12/14/2025 01:00PM ET,LAC,9.74
RB,Raheem Mostert (41117146),Raheem Mostert,41117146,RB/FLEX,4300,LV@PHI 12/14/2025 01:00PM ET,LV,2.63
WR,Chimere Dike (41117456),Chimere Dike,41117456,WR/FLEX,4300,TEN@SF 12/14/2025 04:25PM ET,TEN,7.17
RB,Samaje Perine (41117150),Samaje Perine,41117150,RB/FLEX,4200,BAL@CIN 12/14/2025 01:00PM ET,CIN,4.18
RB,Michael Carter (41117154),Michael Carter,41117154,RB/FLEX,4200,ARI@HOU 12/14/2025 01:00PM ET,ARI,7.32
WR,Jayden Higgins (41117460),Jayden Higgins,41117460,WR/FLEX,4200,ARI@HOU 12/14/2025 01:00PM ET,HOU,7.56
TE,Brenton Strange (41117876),Brenton Strange,41117876,TE/FLEX,4200,NYJ@JAX 12/14/2025 01:00PM ET,JAX,9.24
RB,Jaret Patterson (41117140),Jaret Patterson,41117140,RB/FLEX,4200,LAC@KC 12/14/2025 01:00PM ET,LAC,4.72
WR,Tre Tucker (41117462),Tre Tucker,41117462,WR/FLEX,4200,LV@PHI 12/14/2025 01:00PM ET,LV,10.77
WR,Devaughn Vele (41117464),Devaughn Vele,41117464,WR/FLEX,4200,CAR@NO 12/14/2025 04:25PM ET,NO,4.53
WR,Andrei Iosivas (41117466),Andrei Iosivas,41117466,WR/FLEX,4100,BAL@CIN 12/14/2025 01:00PM ET,CIN,5.82
TE,Dalton Schultz (41117878),Dalton Schultz,41117878,TE/FLEX,4100,ARI@HOU 12/14/2025 01:00PM ET,HOU,9.65
RB,Jeremy McNichols (41117160),Jeremy McNichols,41117160,RB/FLEX,4100,WAS@NYG 12/14/2025 01:00PM ET,WAS,4.63
RB,Will Shipley (41117158),Will Shipley,41117158,RB/FLEX,4100,LV@PHI 12/14/2025 01:00PM ET,PHI,1.34
WR,Josh Downs (41117468),Josh Downs,41117468,WR/FLEX,4100,IND@SEA 12/14/2025 04:25PM ET,IND,8.36
WR,Cooper Kupp (41117470),Cooper Kupp,41117470,WR/FLEX,4100,IND@SEA 12/14/2025 04:25PM ET,SEA,7.86
QB,Tyson Bagent (41116997),Tyson Bagent,41116997,QB,4000,CLE@CHI 12/14/2025 01:00PM ET,CHI,0.86
QB,Case Keenum (41116998),Case Keenum,41116998,QB,4000,CLE@CHI 12/14/2025 01:00PM ET,CHI,0
QB,Dillon Gabriel (41117002),Dillon Gabriel,41117002,QB,4000,CLE@CHI 12/14/2025 01:00PM ET,CLE,8.01
QB,Deshaun Watson (41117003),Deshaun Watson,41117003,QB,4000,CLE@CHI 12/14/2025 01:00PM ET,CLE,0
QB,Bailey Zappe (41117004),Bailey Zappe,41117004,QB,4000,CLE@CHI 12/14/2025 01:00PM ET,CLE,0
RB,Travis Homer (41117174),Travis Homer,41117174,RB/FLEX,4000,CLE@CHI 12/14/2025 01:00PM ET,CHI,-0.03
RB,Roschon Johnson (41117176),Roschon Johnson,41117176,RB/FLEX,4000,CLE@CHI 12/14/2025 01:00PM ET,CHI,0.24
RB,Deion Hankins (41117178),Deion Hankins,41117178,RB/FLEX,4000,CLE@CHI 12/14/2025 01:00PM ET,CHI,0
RB,Brittain Brown (41117180),Brittain Brown,41117180,RB/FLEX,4000,CLE@CHI 12/14/2025 01:00PM ET,CHI,4.85
RB,Jerome Ford (41117188),Jerome Ford,41117188,RB/FLEX,4000,CLE@CHI 12/14/2025 01:00PM ET,CLE,3.35
RB,Raheim Sanders (41117190),Raheim Sanders,41117190,RB/FLEX,4000,CLE@CHI 12/14/2025 01:00PM ET,CLE,3.15
RB,Ahmani Marshall (41117192),Ahmani Marshall,41117192,RB/FLEX,4000,CLE@CHI 12/14/2025 01:00PM ET,CLE,0
TE,Harold Fannin Jr. (41117880),Harold Fannin Jr.,41117880,TE/FLEX,4000,CLE@CHI 12/14/2025 01:00PM ET,CLE,11.38
QB,Joe Flacco (41116999),Joe Flacco,41116999,QB,4000,BAL@CIN 12/14/2025 01:00PM ET,CIN,16.41
QB,Jake Browning (41117000),Jake Browning,41117000,QB,4000,BAL@CIN 12/14/2025 01:00PM ET,CIN,11.35
QB,Sean Clifford (41117001),Sean Clifford,41117001,QB,4000,BAL@CIN 12/14/2025 01:00PM ET,CIN,0
QB,Tyler Huntley (41117046),Tyler Huntley,41117046,QB,4000,BAL@CIN 12/14/2025 01:00PM ET,BAL,11.68
QB,Cooper Rush (41117047),Cooper Rush,41117047,QB,4000,BAL@CIN 12/14/2025 01:00PM ET,BAL,1.68
RB,Tahj Brooks (41117182),Tahj Brooks,41117182,RB/FLEX,4000,BAL@CIN 12/14/2025 01:00PM ET,CIN,0.23
RB,Kendall Milton (41117184),Kendall Milton,41117184,RB/FLEX,4000,BAL@CIN 12/14/2025 01:00PM ET,CIN,0.2
RB,Gary Brightwell (41117186),Gary Brightwell,41117186,RB/FLEX,4000,BAL@CIN 12/14/2025 01:00PM ET,CIN,0
RB,Rasheen Ali (41117354),Rasheen Ali,41117354,RB/FLEX,4000,BAL@CIN 12/14/2025 01:00PM ET,BAL,0.73
RB,Justice Hill (41117356),Justice Hill,41117356,RB/FLEX,4000,BAL@CIN 12/14/2025 01:00PM ET,BAL,6.52
RB,Lucas Scott (41117358),Lucas Scott,41117358,RB/FLEX,4000,BAL@CIN 12/14/2025 01:00PM ET,BAL,0
RB,Patrick Ricard (41117360),Patrick Ricard,41117360,RB/FLEX,4000,BAL@CIN 12/14/2025 01:00PM ET,BAL,0.04
RB,Jonathan Ward (41117362),Jonathan Ward,41117362,RB/FLEX,4000,BAL@CIN 12/14/2025 01:00PM ET,BAL,0
QB,Davis Mills (41116995),Davis Mills,41116995,QB,4000,ARI@HOU 12/14/2025 01:00PM ET,HOU,13.39
QB,Graham Mertz (41116996),Graham Mertz,41116996,QB,4000,ARI@HOU 12/14/2025 01:00PM ET,HOU,0
QB,Kedon Slovis (41117031),Kedon Slovis,41117031,QB,4000,ARI@HOU 12/14/2025 01:00PM ET,ARI,-0.04
QB,Kyler Murray (41117032),Kyler Murray,41117032,QB,4000,ARI@HOU 12/14/2025 01:00PM ET,ARI,16.36
QB,Jeff Driskel (41117033),Jeff Driskel,41117033,QB,4000,ARI@HOU 12/14/2025 01:00PM ET,ARI,0
RB,Dare Ogunbowale (41117168),Dare Ogunbowale,41117168,RB/FLEX,4000,ARI@HOU 12/14/2025 01:00PM ET,HOU,1.22
RB,British Brooks (41117170),British Brooks,41117170,RB/FLEX,4000,ARI@HOU 12/14/2025 01:00PM ET,HOU,0.14
RB,Jawhar Jordan (41117172),Jawhar Jordan,41117172,RB/FLEX,4000,ARI@HOU 12/14/2025 01:00PM ET,HOU,0
RB,Corey Kiner (41117298),Corey Kiner,41117298,RB/FLEX,4000,ARI@HOU 12/14/2025 01:00PM ET,ARI,0
RB,James Conner (41117300),James Conner,41117300,RB/FLEX,4000,ARI@HOU 12/14/2025 01:00PM ET,ARI,11.1
RB,Jermar Jefferson (41117302),Jermar Jefferson,41117302,RB/FLEX,4000,ARI@HOU 12/14/2025 01:00PM ET,ARI,0
QB,Nick Mullens (41117044),Nick Mullens,41117044,QB,4000,NYJ@JAX 12/14/2025 01:00PM ET,JAX,-0.09
QB,Carter Bradley (41117045),Carter Bradley,41117045,QB,4000,NYJ@JAX 12/14/2025 01:00PM ET,JAX,0
RB,Braelon Allen (41117152),Braelon Allen,41117152,RB/FLEX,4000,NYJ@JAX 12/14/2025 01:00PM ET,NYJ,4.08
RB,Isaiah Davis (41117286),Isaiah Davis,41117286,RB/FLEX,4000,NYJ@JAX 12/14/2025 01:00PM ET,NYJ,3.44
RB,Kene Nwangwu (41117288),Kene Nwangwu,41117288,RB/FLEX,4000,NYJ@JAX 12/14/2025 01:00PM ET,NYJ,0.75
RB,Khalil Herbert (41117290),Khalil Herbert,41117290,RB/FLEX,4000,NYJ@JAX 12/14/2025 01:00PM ET,NYJ,0
RB,Andrew Beck (41117292),Andrew Beck,41117292,RB/FLEX,4000,NYJ@JAX 12/14/2025 01:00PM ET,NYJ,1.18
RB,LeQuint Allen Jr. (41117350),LeQuint Allen Jr.,41117350,RB/FLEX,4000,NYJ@JAX 12/14/2025 01:00PM ET,JAX,1.61
RB,Ja'Quinden Jackson (41117352),Ja'Quinden Jackson,41117352,RB/FLEX,4000,NYJ@JAX 12/14/2025 01:00PM ET,JAX,0
QB,Gardner Minshew II (41117016),Gardner Minshew II,41117016,QB,4000,LAC@KC 12/14/2025 01:00PM ET,KC,-0.3
QB,Chris Oladokun (41117017),Chris Oladokun,41117017,QB,4000,LAC@KC 12/14/2025 01:00PM ET,KC,0
QB,DJ Uiagalelei (41117034),DJ Uiagalelei,41117034,QB,4000,LAC@KC 12/14/2025 01:00PM ET,LAC,0
RB,Hassan Haskins (41117156),Hassan Haskins,41117156,RB/FLEX,4000,LAC@KC 12/14/2025 01:00PM ET,LAC,1.04
RB,Brashard Smith (41117236),Brashard Smith,41117236,RB/FLEX,4000,LAC@KC 12/14/2025 01:00PM ET,KC,3.42
RB,Elijah Mitchell (41117238),Elijah Mitchell,41117238,RB/FLEX,4000,LAC@KC 12/14/2025 01:00PM ET,KC,0
RB,Keaontay Ingram (41117240),Keaontay Ingram,41117240,RB/FLEX,4000,LAC@KC 12/14/2025 01:00PM ET,KC,0
RB,Dameon Pierce (41117242),Dameon Pierce,41117242,RB/FLEX,4000,LAC@KC 12/14/2025 01:00PM ET,KC,0.65
RB,Clyde Edwards-Helaire (41117244),Clyde Edwards-Helaire,41117244,RB/FLEX,4000,LAC@KC 12/14/2025 01:00PM ET,KC,2.1
RB,Carson Steele (41117246),Carson Steele,41117246,RB/FLEX,4000,LAC@KC 12/14/2025 01:00PM ET,KC,0
RB,Najee Harris (41117304),Najee Harris,41117304,RB/FLEX,4000,LAC@KC 12/14/2025 01:00PM ET,LAC,3.87
RB,Trayveon Williams (41117306),Trayveon Williams,41117306,RB/FLEX,4000,LAC@KC 12/14/2025 01:00PM ET,LAC,0.3
RB,Amar Johnson (41117308),Amar Johnson,41117308,RB/FLEX,4000,LAC@KC 12/14/2025 01:00PM ET,LAC,0.4
RB,Scott Matlock (41117310),Scott Matlock,41117310,RB/FLEX,4000,LAC@KC 12/14/2025 01:00PM ET,LAC,0.69
RB,Royce Freeman (41117312),Royce Freeman,41117312,RB/FLEX,4000,LAC@KC 12/14/2025 01:00PM ET,LAC,0
WR,Hollywood Brown (41117472),Hollywood Brown,41117472,WR/FLEX,4000,LAC@KC 12/14/2025 01:00PM ET,KC,9.34
QB,Mitchell Trubisky (41116993),Mitchell Trubisky,41116993,QB,4000,BUF@NE 12/14/2025 01:00PM ET,BUF,0.75
QB,Shane Buechele (41116994),Shane Buechele,41116994,QB,4000,BUF@NE 12/14/2025 01:00PM ET,BUF,0
QB,Joshua Dobbs (41117022),Joshua Dobbs,41117022,QB,4000,BUF@NE 12/14/2025 01:00PM ET,NE,0.04
QB,Tommy DeVito (41117023),Tommy DeVito,41117023,QB,4000,BUF@NE 12/14/2025 01:00PM ET,NE,0
RB,Ray Davis (41117162),Ray Davis,41117162,RB/FLEX,4000,BUF@NE 12/14/2025 01:00PM ET,BUF,2.18
RB,Frank Gore Jr. (41117164),Frank Gore Jr.,41117164,RB/FLEX,4000,BUF@NE 12/14/2025 01:00PM ET,BUF,0
RB,Reggie Gilliam (41117166),Reggie Gilliam,41117166,RB/FLEX,4000,BUF@NE 12/14/2025 01:00PM ET,BUF,0.09
RB,Terrell Jennings (41117258),Terrell Jennings,41117258,RB/FLEX,4000,BUF@NE 12/14/2025 01:00PM ET,NE,2.17
RB,Antonio Gibson (41117260),Antonio Gibson,41117260,RB/FLEX,4000,BUF@NE 12/14/2025 01:00PM ET,NE,4.84
RB,Lan Larison (41117262),Lan Larison,41117262,RB/FLEX,4000,BUF@NE 12/14/2025 01:00PM ET,NE,0
RB,Deneric Prince (41117264),Deneric Prince,41117264,RB/FLEX,4000,BUF@NE 12/14/2025 01:00PM ET,NE,0
RB,Craig Reynolds (41117266),Craig Reynolds,41117266,RB/FLEX,4000,BUF@NE 12/14/2025 01:00PM ET,NE,0.06
RB,Jack Westover (41117268),Jack Westover,41117268,RB/FLEX,4000,BUF@NE 12/14/2025 01:00PM ET,NE,0
RB,D'Ernest Johnson (41117270),D'Ernest Johnson,41117270,RB/FLEX,4000,BUF@NE 12/14/2025 01:00PM ET,NE,0.18
RB,Brock Lampe (41117272),Brock Lampe,41117272,RB/FLEX,4000,BUF@NE 12/14/2025 01:00PM ET,NE,0
WR,Mack Hollins (41117474),Mack Hollins,41117474,WR/FLEX,4000,BUF@NE 12/14/2025 01:00PM ET,NE,7.26
QB,Jameis Winston (41117026),Jameis Winston,41117026,QB,4000,WAS@NYG 12/14/2025 01:00PM ET,NYG,24.64
QB,Russell Wilson (41117027),Russell Wilson,41117027,QB,4000,WAS@NYG 12/14/2025 01:00PM ET,NYG,9.31
QB,Josh Johnson (41117040),Josh Johnson,41117040,QB,4000,WAS@NYG 12/14/2025 01:00PM ET,WAS,0
QB,Sam Hartman (41117041),Sam Hartman,41117041,QB,4000,WAS@NYG 12/14/2025 01:00PM ET,WAS,0
RB,Eric Gray (41117280),Eric Gray,41117280,RB/FLEX,4000,WAS@NYG 12/14/2025 01:00PM ET,NYG,0
RB,Cam Skattebo (41117282),Cam Skattebo,41117282,RB/FLEX,4000,WAS@NYG 12/14/2025 01:00PM ET,NYG,16.09
RB,Dante Miller (41117284),Dante Miller,41117284,RB/FLEX,4000,WAS@NYG 12/14/2025 01:00PM ET,NYG,0
RB,Austin Ekeler (41117336),Austin Ekeler,41117336,RB/FLEX,4000,WAS@NYG 12/14/2025 01:00PM ET,WAS,6.55
RB,Chase Edmonds (41117338),Chase Edmonds,41117338,RB/FLEX,4000,WAS@NYG 12/14/2025 01:00PM ET,WAS,0
RB,Donovan Edwards (41117340),Donovan Edwards,41117340,RB/FLEX,4000,WAS@NYG 12/14/2025 01:00PM ET,WAS,0
QB,Aidan O'Connell (41117018),Aidan O'Connell,41117018,QB,4000,LV@PHI 12/14/2025 01:00PM ET,LV,0
QB,Cam Miller (41117019),Cam Miller,41117019,QB,4000,LV@PHI 12/14/2025 01:00PM ET,LV,0
QB,Tanner McKee (41117028),Tanner McKee,41117028,QB,4000,LV@PHI 12/14/2025 01:00PM ET,PHI,-0.2
QB,Sam Howell (41117029),Sam Howell,41117029,QB,4000,LV@PHI 12/14/2025 01:00PM ET,PHI,0
QB,Kyle McCord (41117030),Kyle McCord,41117030,QB,4000,LV@PHI 12/14/2025 01:00PM ET,PHI,0
RB,Dylan Laube (41117248),Dylan Laube,41117248,RB/FLEX,4000,LV@PHI 12/14/2025 01:00PM ET,LV,0.41
RB,Zamir White (41117250),Zamir White,41117250,RB/FLEX,4000,LV@PHI 12/14/2025 01:00PM ET,LV,1.85
RB,Chris Collier (41117252),Chris Collier,41117252,RB/FLEX,4000,LV@PHI 12/14/2025 01:00PM ET,LV,0
RB,A.J. Dillon (41117294),A.J. Dillon,41117294,RB/FLEX,4000,LV@PHI 12/14/2025 01:00PM ET,PHI,1.47
RB,Ben VanSumeren (41117296),Ben VanSumeren,41117296,RB/FLEX,4000,LV@PHI 12/14/2025 01:00PM ET,PHI,0
QB,Jarrett Stidham (41117005),Jarrett Stidham,41117005,QB,4000,GB@DEN 12/14/2025 04:25PM ET,DEN,-0.1
QB,Sam Ehlinger (41117006),Sam Ehlinger,41117006,QB,4000,GB@DEN 12/14/2025 04:25PM ET,DEN,0
QB,Malik Willis (41117009),Malik Willis,41117009,QB,4000,GB@DEN 12/14/2025 04:25PM ET,GB,3.21
QB,Clayton Tune (41117010),Clayton Tune,41117010,QB,4000,GB@DEN 12/14/2025 04:25PM ET,GB,0
RB,Jaleel McLaughlin (41117194),Jaleel McLaughlin,41117194,RB/FLEX,4000,GB@DEN 12/14/2025 04:25PM ET,DEN,4.12
RB,Tyler Badie (41117196),Tyler Badie,41117196,RB/FLEX,4000,GB@DEN 12/14/2025 04:25PM ET,DEN,2.38
RB,J.K. Dobbins (41117198),J.K. Dobbins,41117198,RB/FLEX,4000,GB@DEN 12/14/2025 04:25PM ET,DEN,12.19
RB,Deuce Vaughn (41117200),Deuce Vaughn,41117200,RB/FLEX,4000,GB@DEN 12/14/2025 04:25PM ET,DEN,0
RB,Adam Prentice (41117202),Adam Prentice,41117202,RB/FLEX,4000,GB@DEN 12/14/2025 04:25PM ET,DEN,1.19
RB,Michael Burton (41117204),Michael Burton,41117204,RB/FLEX,4000,GB@DEN 12/14/2025 04:25PM ET,DEN,0
RB,Chris Brooks (41117214),Chris Brooks,41117214,RB/FLEX,4000,GB@DEN 12/14/2025 04:25PM ET,GB,1.65
RB,MarShawn Lloyd (41117216),MarShawn Lloyd,41117216,RB/FLEX,4000,GB@DEN 12/14/2025 04:25PM ET,GB,0
RB,Pierre Strong Jr. (41117218),Pierre Strong Jr.,41117218,RB/FLEX,4000,GB@DEN 12/14/2025 04:25PM ET,GB,0
QB,Kyle Allen (41117007),Kyle Allen,41117007,QB,4000,DET@LAR 12/14/2025 04:25PM ET,DET,-0.1
QB,C.J. Beathard (41117008),C.J. Beathard,41117008,QB,4000,DET@LAR 12/14/2025 04:25PM ET,DET,0
QB,Jimmy Garoppolo (41117020),Jimmy Garoppolo,41117020,QB,4000,DET@LAR 12/14/2025 04:25PM ET,LAR,-0.35
QB,Stetson Bennett IV (41117021),Stetson Bennett IV,41117021,QB,4000,DET@LAR 12/14/2025 04:25PM ET,LAR,0
RB,Sione Vaki (41117206),Sione Vaki,41117206,RB/FLEX,4000,DET@LAR 12/14/2025 04:25PM ET,DET,0.06
RB,Jacob Saylors (41117208),Jacob Saylors,41117208,RB/FLEX,4000,DET@LAR 12/14/2025 04:25PM ET,DET,0.09
RB,Kye Robichaux (41117210),Kye Robichaux,41117210,RB/FLEX,4000,DET@LAR 12/14/2025 04:25PM ET,DET,0
RB,Jabari Small (41117212),Jabari Small,41117212,RB/FLEX,4000,DET@LAR 12/14/2025 04:25PM ET,DET,0
RB,Ronnie Rivers (41117254),Ronnie Rivers,41117254,RB/FLEX,4000,DET@LAR 12/14/2025 04:25PM ET,LAR,0.59
RB,Jarquez Hunter (41117256),Jarquez Hunter,41117256,RB/FLEX,4000,DET@LAR 12/14/2025 04:25PM ET,LAR,0
QB,Spencer Rattler (41117024),Spencer Rattler,41117024,QB,4000,CAR@NO 12/14/2025 04:25PM ET,NO,13.27
QB,Jake Haener (41117025),Jake Haener,41117025,QB,4000,CAR@NO 12/14/2025 04:25PM ET,NO,0
QB,Andy Dalton (41117042),Andy Dalton,41117042,QB,4000,CAR@NO 12/14/2025 04:25PM ET,CAR,3.13
QB,Mike White (41117043),Mike White,41117043,QB,4000,CAR@NO 12/14/2025 04:25PM ET,CAR,0
RB,Evan Hull (41117274),Evan Hull,41117274,RB/FLEX,4000,CAR@NO 12/14/2025 04:25PM ET,NO,1.75
RB,Audric Estime (41117276),Audric Estime,41117276,RB/FLEX,4000,CAR@NO 12/14/2025 04:25PM ET,NO,0.37
RB,Kendre Miller (41117278),Kendre Miller,41117278,RB/FLEX,4000,CAR@NO 12/14/2025 04:25PM ET,NO,4.76
RB,Trevor Etienne (41117342),Trevor Etienne,41117342,RB/FLEX,4000,CAR@NO 12/14/2025 04:25PM ET,CAR,0.98
RB,Jonathon Brooks (41117344),Jonathon Brooks,41117344,RB/FLEX,4000,CAR@NO 12/14/2025 04:25PM ET,CAR,0
RB,Anthony Tyus III (41117346),Anthony Tyus III,41117346,RB/FLEX,4000,CAR@NO 12/14/2025 04:25PM ET,CAR,0
RB,DeeJay Dallas (41117348),DeeJay Dallas,41117348,RB/FLEX,4000,CAR@NO 12/14/2025 04:25PM ET,CAR,0
QB,Daniel Jones (41117014),Daniel Jones,41117014,QB,4000,IND@SEA 12/14/2025 04:25PM ET,IND,18.73
QB,Brett Rypien (41117015),Brett Rypien,41117015,QB,4000,IND@SEA 12/14/2025 04:25PM ET,IND,0
QB,Drew Lock (41117038),Drew Lock,41117038,QB,4000,IND@SEA 12/14/2025 04:25PM ET,SEA,0.02
QB,Jalen Milroe (41117039),Jalen Milroe,41117039,QB,4000,IND@SEA 12/14/2025 04:25PM ET,SEA,-0.2
RB,Ameer Abdullah (41117226),Ameer Abdullah,41117226,RB/FLEX,4000,IND@SEA 12/14/2025 04:25PM ET,IND,2.32
RB,Tyler Goodson (41117228),Tyler Goodson,41117228,RB/FLEX,4000,IND@SEA 12/14/2025 04:25PM ET,IND,0.5
RB,DJ Giddens (41117230),DJ Giddens,41117230,RB/FLEX,4000,IND@SEA 12/14/2025 04:25PM ET,IND,0.94
RB,Salvon Ahmed (41117232),Salvon Ahmed,41117232,RB/FLEX,4000,IND@SEA 12/14/2025 04:25PM ET,IND,0
RB,Ulysses Bentley IV (41117234),Ulysses Bentley IV,41117234,RB/FLEX,4000,IND@SEA 12/14/2025 04:25PM ET,IND,0
RB,Cam Akers (41117322),Cam Akers,41117322,RB/FLEX,4000,IND@SEA 12/14/2025 04:25PM ET,SEA,2.39
RB,Velus Jones Jr. (41117324),Velus Jones Jr.,41117324,RB/FLEX,4000,IND@SEA 12/14/2025 04:25PM ET,SEA,0.46
RB,George Holani (41117326),George Holani,41117326,RB/FLEX,4000,IND@SEA 12/14/2025 04:25PM ET,SEA,1.44
RB,Kenny McIntosh (41117328),Kenny McIntosh,41117328,RB/FLEX,4000,IND@SEA 12/14/2025 04:25PM ET,SEA,0
RB,Brady Russell (41117330),Brady Russell,41117330,RB/FLEX,4000,IND@SEA 12/14/2025 04:25PM ET,SEA,0
RB,Robbie Ouzts (41117332),Robbie Ouzts,41117332,RB/FLEX,4000,IND@SEA 12/14/2025 04:25PM ET,SEA,0
RB,Myles Gaskin (41117334),Myles Gaskin,41117334,RB/FLEX,4000,IND@SEA 12/14/2025 04:25PM ET,SEA,0.6
QB,Brandon Allen (41117011),Brandon Allen,41117011,QB,4000,TEN@SF 12/14/2025 04:25PM ET,TEN,0
QB,Will Levis (41117012),Will Levis,41117012,QB,4000,TEN@SF 12/14/2025 04:25PM ET,TEN,0
QB,Trevor Siemian (41117013),Trevor Siemian,41117013,QB,4000,TEN@SF 12/14/2025 04:25PM ET,TEN,0
QB,Mac Jones (41117035),Mac Jones,41117035,QB,4000,TEN@SF 12/14/2025 04:25PM ET,SF,14.73
QB,Kurtis Rourke (41117036),Kurtis Rourke,41117036,QB,4000,TEN@SF 12/14/2025 04:25PM ET,SF,0
QB,Adrian Martinez (41117037),Adrian Martinez,41117037,QB,4000,TEN@SF 12/14/2025 04:25PM ET,SF,-0.1
RB,Kalel Mullings (41117220),Kalel Mullings,41117220,RB/FLEX,4000,TEN@SF 12/14/2025 04:25PM ET,TEN,0
RB,Julius Chestnut (41117222),Julius Chestnut,41117222,RB/FLEX,4000,TEN@SF 12/14/2025 04:25PM ET,TEN,0.3
RB,Jordan Mims (41117224),Jordan Mims,41117224,RB/FLEX,4000,TEN@SF 12/14/2025 04:25PM ET,TEN,0
RB,Isaac Guerendo (41117314),Isaac Guerendo,41117314,RB/FLEX,4000,TEN@SF 12/14/2025 04:25PM ET,SF,0
RB,Jordan James (41117316),Jordan James,41117316,RB/FLEX,4000,TEN@SF 12/14/2025 04:25PM ET,SF,0
RB,Patrick Taylor Jr. (41117318),Patrick Taylor Jr.,41117318,RB/FLEX,4000,TEN@SF 12/14/2025 04:25PM ET,SF,0
RB,Kyle Juszczyk (41117320),Kyle Juszczyk,41117320,RB/FLEX,4000,TEN@SF 12/14/2025 04:25PM ET,SF,3.42
DST,49ers  (41118158),49ers ,41118158,DST,4000,TEN@SF 12/14/2025 04:25PM ET,SF,4.69
TE,Mark Andrews (41117882),Mark Andrews,41117882,TE/FLEX,3900,BAL@CIN 12/14/2025 01:00PM ET,BAL,8.66
DST,Jaguars  (41118159),Jaguars ,41118159,DST,3900,NYJ@JAX 12/14/2025 01:00PM ET,JAX,8.31
WR,Pat Bryant (41117476),Pat Bryant,41117476,WR/FLEX,3900,GB@DEN 12/14/2025 04:25PM ET,DEN,4.5
WR,Jalen Coker (41117478),Jalen Coker,41117478,WR/FLEX,3900,CAR@NO 12/14/2025 04:25PM ET,CAR,6.91
WR,Keon Coleman (41117480),Keon Coleman,41117480,WR/FLEX,3800,BUF@NE 12/14/2025 01:00PM ET,BUF,8.86
TE,Dallas Goedert (41117884),Dallas Goedert,41117884,TE/FLEX,3800,LV@PHI 12/14/2025 01:00PM ET,PHI,11.76
DST,Eagles  (41118160),Eagles ,41118160,DST,3800,LV@PHI 12/14/2025 01:00PM ET,PHI,7.46
WR,Kendrick Bourne (41117482),Kendrick Bourne,41117482,WR/FLEX,3800,TEN@SF 12/14/2025 04:25PM ET,SF,7.1
WR,Tim Patrick (41117488),Tim Patrick,41117488,WR/FLEX,3700,NYJ@JAX 12/14/2025 01:00PM ET,JAX,4.02
WR,Dontayvion Wicks (41117484),Dontayvion Wicks,41117484,WR/FLEX,3700,GB@DEN 12/14/2025 04:25PM ET,GB,6.3
WR,Xavier Legette (41117486),Xavier Legette,41117486,WR/FLEX,3700,CAR@NO 12/14/2025 04:25PM ET,CAR,6.79
TE,Juwan Johnson (41117886),Juwan Johnson,41117886,TE/FLEX,3700,CAR@NO 12/14/2025 04:25PM ET,NO,10.49
DST,Seahawks  (41118161),Seahawks ,41118161,DST,3700,IND@SEA 12/14/2025 04:25PM ET,SEA,11.62
TE,Colston Loveland (41117888),Colston Loveland,41117888,TE/FLEX,3600,CLE@CHI 12/14/2025 01:00PM ET,CHI,8.79
DST,Texans  (41118162),Texans ,41118162,DST,3600,ARI@HOU 12/14/2025 01:00PM ET,HOU,9.69
WR,Gabe Davis (41117490),Gabe Davis,41117490,WR/FLEX,3600,BUF@NE 12/14/2025 01:00PM ET,BUF,3.95
WR,Marvin Mims Jr. (41117492),Marvin Mims Jr.,41117492,WR/FLEX,3600,GB@DEN 12/14/2025 04:25PM ET,DEN,6.67
WR,Matthew Golden (41117494),Matthew Golden,41117494,WR/FLEX,3600,GB@DEN 12/14/2025 04:25PM ET,GB,5.71
DST,Bears  (41118163),Bears ,41118163,DST,3500,CLE@CHI 12/14/2025 01:00PM ET,CHI,6.23
WR,Joshua Palmer (41117496),Joshua Palmer,41117496,WR/FLEX,3500,BUF@NE 12/14/2025 01:00PM ET,BUF,5.65
WR,DeMario Douglas (41117502),DeMario Douglas,41117502,WR/FLEX,3500,BUF@NE 12/14/2025 01:00PM ET,NE,6.91
TE,Theo Johnson (41117890),Theo Johnson,41117890,TE/FLEX,3500,WAS@NYG 12/14/2025 01:00PM ET,NYG,9.05
WR,Isaac TeSlaa (41117498),Isaac TeSlaa,41117498,WR/FLEX,3500,DET@LAR 12/14/2025 04:25PM ET,DET,3.38
WR,Elic Ayomanor (41117500),Elic Ayomanor,41117500,WR/FLEX,3500,TEN@SF 12/14/2025 04:25PM ET,TEN,6.94
WR,Rashod Bateman (41117510),Rashod Bateman,41117510,WR/FLEX,3400,BAL@CIN 12/14/2025 01:00PM ET,BAL,4.88
TE,Isaiah Likely (41117892),Isaiah Likely,41117892,TE/FLEX,3400,BAL@CIN 12/14/2025 01:00PM ET,BAL,5.18
WR,Isaiah Hodgins (41117508),Isaiah Hodgins,41117508,WR/FLEX,3400,WAS@NYG 12/14/2025 01:00PM ET,NYG,8.1
WR,Tyler Lockett (41117506),Tyler Lockett,41117506,WR/FLEX,3400,LV@PHI 12/14/2025 01:00PM ET,LV,4.47
DST,Broncos  (41118164),Broncos ,41118164,DST,3400,GB@DEN 12/14/2025 04:25PM ET,DEN,8.15
WR,Kalif Raymond (41117504),Kalif Raymond,41117504,WR/FLEX,3400,DET@LAR 12/14/2025 04:25PM ET,DET,3.44
WR,Olamide Zaccheaus (41117512),Olamide Zaccheaus,41117512,WR/FLEX,3300,CLE@CHI 12/14/2025 01:00PM ET,CHI,6.12
TE,Mike Gesicki (41117894),Mike Gesicki,41117894,TE/FLEX,3300,BAL@CIN 12/14/2025 01:00PM ET,CIN,5.12
WR,Jalen Brooks (41117516),Jalen Brooks,41117516,WR/FLEX,3300,ARI@HOU 12/14/2025 01:00PM ET,ARI,2.6
DST,Chiefs  (41118165),Chiefs ,41118165,DST,3300,LAC@KC 12/14/2025 01:00PM ET,KC,5.23
WR,Tutu Atwell (41117514),Tutu Atwell,41117514,WR/FLEX,3300,DET@LAR 12/14/2025 04:25PM ET,LAR,4.4
TE,Chig Okonkwo (41117896),Chig Okonkwo,41117896,TE/FLEX,3300,TEN@SF 12/14/2025 04:25PM ET,TEN,6.43
WR,Cedric Tillman (41117520),Cedric Tillman,41117520,WR/FLEX,3200,CLE@CHI 12/14/2025 01:00PM ET,CLE,5.52
DST,Ravens  (41118166),Ravens ,41118166,DST,3200,BAL@CIN 12/14/2025 01:00PM ET,BAL,4.38
WR,Christian Kirk (41117518),Christian Kirk,41117518,WR/FLEX,3200,ARI@HOU 12/14/2025 01:00PM ET,HOU,5.38
WR,Noah Brown (41117524),Noah Brown,41117524,WR/FLEX,3200,WAS@NYG 12/14/2025 01:00PM ET,WAS,3.17
WR,Jack Bech (41117522),Jack Bech,41117522,WR/FLEX,3200,LV@PHI 12/14/2025 01:00PM ET,LV,2.49
TE,Colby Parkinson (41117898),Colby Parkinson,41117898,TE/FLEX,3200,DET@LAR 12/14/2025 04:25PM ET,LAR,6.48
TE,AJ Barner (41117900),AJ Barner,41117900,TE/FLEX,3200,IND@SEA 12/14/2025 04:25PM ET,SEA,8.45
WR,Mitch Tinsley (41117528),Mitch Tinsley,41117528,WR/FLEX,3100,BAL@CIN 12/14/2025 01:00PM ET,CIN,2.23
TE,Mason Taylor (41117904),Mason Taylor,41117904,TE/FLEX,3100,NYJ@JAX 12/14/2025 01:00PM ET,NYJ,6.84
WR,Tre' Harris (41117530),Tre' Harris,41117530,WR/FLEX,3100,LAC@KC 12/14/2025 01:00PM ET,LAC,3.45
WR,Brandin Cooks (41117526),Brandin Cooks,41117526,WR/FLEX,3100,BUF@NE 12/14/2025 01:00PM ET,BUF,3.15
TE,Evan Engram (41117902),Evan Engram,41117902,TE/FLEX,3100,GB@DEN 12/14/2025 04:25PM ET,DEN,6.78
DST,Panthers  (41118167),Panthers ,41118167,DST,3100,CAR@NO 12/14/2025 04:25PM ET,CAR,6
WR,Devin Duvernay (41117556),Devin Duvernay,41117556,WR/FLEX,3000,CLE@CHI 12/14/2025 01:00PM ET,CHI,0.35
WR,Jahdae Walker (41117558),Jahdae Walker,41117558,WR/FLEX,3000,CLE@CHI 12/14/2025 01:00PM ET,CHI,0
WR,JP Richardson (41117560),JP Richardson,41117560,WR/FLEX,3000,CLE@CHI 12/14/2025 01:00PM ET,CHI,0
WR,Maurice Alexander (41117562),Maurice Alexander,41117562,WR/FLEX,3000,CLE@CHI 12/14/2025 01:00PM ET,CHI,0
WR,Isaiah Bond (41117572),Isaiah Bond,41117572,WR/FLEX,3000,CLE@CHI 12/14/2025 01:00PM ET,CLE,3.04
WR,Malachi Corley (41117574),Malachi Corley,41117574,WR/FLEX,3000,CLE@CHI 12/14/2025 01:00PM ET,CLE,1.81
WR,Gage Larvadain (41117576),Gage Larvadain,41117576,WR/FLEX,3000,CLE@CHI 12/14/2025 01:00PM ET,CLE,1.29
WR,Jamari Thrash (41117578),Jamari Thrash,41117578,WR/FLEX,3000,CLE@CHI 12/14/2025 01:00PM ET,CLE,2.3
WR,DeAndre Carter (41117580),DeAndre Carter,41117580,WR/FLEX,3000,CLE@CHI 12/14/2025 01:00PM ET,CLE,0
WR,Kaden Davis (41117582),Kaden Davis,41117582,WR/FLEX,3000,CLE@CHI 12/14/2025 01:00PM ET,CLE,0
WR,Luke Floriea (41117584),Luke Floriea,41117584,WR/FLEX,3000,CLE@CHI 12/14/2025 01:00PM ET,CLE,0
TE,David Njoku (41117908),David Njoku,41117908,TE/FLEX,3000,CLE@CHI 12/14/2025 01:00PM ET,CLE,7.19
WR,Charlie Jones (41117564),Charlie Jones,41117564,WR/FLEX,3000,BAL@CIN 12/14/2025 01:00PM ET,CIN,0.46
WR,Jermaine Burton (41117566),Jermaine Burton,41117566,WR/FLEX,3000,BAL@CIN 12/14/2025 01:00PM ET,CIN,0
WR,Jordan Moore (41117568),Jordan Moore,41117568,WR/FLEX,3000,BAL@CIN 12/14/2025 01:00PM ET,CIN,0
WR,Kendric Pryor (41117570),Kendric Pryor,41117570,WR/FLEX,3000,BAL@CIN 12/14/2025 01:00PM ET,CIN,0
WR,DeAndre Hopkins (41117846),DeAndre Hopkins,41117846,WR/FLEX,3000,BAL@CIN 12/14/2025 01:00PM ET,BAL,4.21
WR,Tylan Wallace (41117848),Tylan Wallace,41117848,WR/FLEX,3000,BAL@CIN 12/14/2025 01:00PM ET,BAL,1.21
WR,Devontez Walker (41117850),Devontez Walker,41117850,WR/FLEX,3000,BAL@CIN 12/14/2025 01:00PM ET,BAL,3.12
WR,LaJohntay Wester (41117852),LaJohntay Wester,41117852,WR/FLEX,3000,BAL@CIN 12/14/2025 01:00PM ET,BAL,-0.08
WR,Dayton Wade (41117854),Dayton Wade,41117854,WR/FLEX,3000,BAL@CIN 12/14/2025 01:00PM ET,BAL,0
WR,Keith Kirkwood (41117856),Keith Kirkwood,41117856,WR/FLEX,3000,BAL@CIN 12/14/2025 01:00PM ET,BAL,0
WR,Cornelius Johnson (41117858),Cornelius Johnson,41117858,WR/FLEX,3000,BAL@CIN 12/14/2025 01:00PM ET,BAL,0
WR,Xavier Hutchinson (41117540),Xavier Hutchinson,41117540,WR/FLEX,3000,ARI@HOU 12/14/2025 01:00PM ET,HOU,5.82
WR,Jaylin Noel (41117542),Jaylin Noel,41117542,WR/FLEX,3000,ARI@HOU 12/14/2025 01:00PM ET,HOU,3.96
WR,Braxton Berrios (41117544),Braxton Berrios,41117544,WR/FLEX,3000,ARI@HOU 12/14/2025 01:00PM ET,HOU,2.42
WR,Tank Dell (41117546),Tank Dell,41117546,WR/FLEX,3000,ARI@HOU 12/14/2025 01:00PM ET,HOU,0
WR,Justin Watson (41117548),Justin Watson,41117548,WR/FLEX,3000,ARI@HOU 12/14/2025 01:00PM ET,HOU,3
WR,Josh Kelly (41117550),Josh Kelly,41117550,WR/FLEX,3000,ARI@HOU 12/14/2025 01:00PM ET,HOU,0
WR,Jared Wayne (41117552),Jared Wayne,41117552,WR/FLEX,3000,ARI@HOU 12/14/2025 01:00PM ET,HOU,4
WR,Quintez Cephus (41117554),Quintez Cephus,41117554,WR/FLEX,3000,ARI@HOU 12/14/2025 01:00PM ET,HOU,0
WR,Xavier Weaver (41117756),Xavier Weaver,41117756,WR/FLEX,3000,ARI@HOU 12/14/2025 01:00PM ET,ARI,0.77
WR,Trent Sherfield Sr. (41117758),Trent Sherfield Sr.,41117758,WR/FLEX,3000,ARI@HOU 12/14/2025 01:00PM ET,ARI,0.46
WR,Andre Baccellia (41117760),Andre Baccellia,41117760,WR/FLEX,3000,ARI@HOU 12/14/2025 01:00PM ET,ARI,0.7
WR,Greg Dortch (41117762),Greg Dortch,41117762,WR/FLEX,3000,ARI@HOU 12/14/2025 01:00PM ET,ARI,6.26
WR,Zay Jones (41117764),Zay Jones,41117764,WR/FLEX,3000,ARI@HOU 12/14/2025 01:00PM ET,ARI,3.79
WR,Simi Fehoko (41117766),Simi Fehoko,41117766,WR/FLEX,3000,ARI@HOU 12/14/2025 01:00PM ET,ARI,0
WR,Tejhaun Palmer (41117768),Tejhaun Palmer,41117768,WR/FLEX,3000,ARI@HOU 12/14/2025 01:00PM ET,ARI,0
WR,Bryson Green (41117770),Bryson Green,41117770,WR/FLEX,3000,ARI@HOU 12/14/2025 01:00PM ET,ARI,0
WR,Allen Lazard (41117720),Allen Lazard,41117720,WR/FLEX,3000,NYJ@JAX 12/14/2025 01:00PM ET,NYJ,2.38
WR,Isaiah Williams (41117722),Isaiah Williams,41117722,WR/FLEX,3000,NYJ@JAX 12/14/2025 01:00PM ET,NYJ,2.46
WR,Arian Smith (41117724),Arian Smith,41117724,WR/FLEX,3000,NYJ@JAX 12/14/2025 01:00PM ET,NYJ,0.98
WR,Tyler Johnson (41117726),Tyler Johnson,41117726,WR/FLEX,3000,NYJ@JAX 12/14/2025 01:00PM ET,NYJ,3.47
WR,Garrett Wilson (41117728),Garrett Wilson,41117728,WR/FLEX,3000,NYJ@JAX 12/14/2025 01:00PM ET,NYJ,14.21
WR,Josh Reynolds (41117730),Josh Reynolds,41117730,WR/FLEX,3000,NYJ@JAX 12/14/2025 01:00PM ET,NYJ,4.62
WR,Irvin Charles (41117732),Irvin Charles,41117732,WR/FLEX,3000,NYJ@JAX 12/14/2025 01:00PM ET,NYJ,0
WR,Jamaal Pritchett (41117734),Jamaal Pritchett,41117734,WR/FLEX,3000,NYJ@JAX 12/14/2025 01:00PM ET,NYJ,0
WR,Trenton Irwin (41117736),Trenton Irwin,41117736,WR/FLEX,3000,NYJ@JAX 12/14/2025 01:00PM ET,NYJ,0
WR,Quentin Skinner (41117738),Quentin Skinner,41117738,WR/FLEX,3000,NYJ@JAX 12/14/2025 01:00PM ET,NYJ,0
WR,Dyami Brown (41117834),Dyami Brown,41117834,WR/FLEX,3000,NYJ@JAX 12/14/2025 01:00PM ET,JAX,4.5
WR,Austin Trammell (41117836),Austin Trammell,41117836,WR/FLEX,3000,NYJ@JAX 12/14/2025 01:00PM ET,JAX,1.27
WR,Travis Hunter (41117838),Travis Hunter,41117838,WR/FLEX,3000,NYJ@JAX 12/14/2025 01:00PM ET,JAX,9.54
WR,Joshua Cephus (41117840),Joshua Cephus,41117840,WR/FLEX,3000,NYJ@JAX 12/14/2025 01:00PM ET,JAX,0
WR,Tim Jones (41117842),Tim Jones,41117842,WR/FLEX,3000,NYJ@JAX 12/14/2025 01:00PM ET,JAX,0.62
WR,Chandler Brayboy (41117844),Chandler Brayboy,41117844,WR/FLEX,3000,NYJ@JAX 12/14/2025 01:00PM ET,JAX,0
WR,JuJu Smith-Schuster (41117642),JuJu Smith-Schuster,41117642,WR/FLEX,3000,LAC@KC 12/14/2025 01:00PM ET,KC,4.88
WR,Tyquan Thornton (41117644),Tyquan Thornton,41117644,WR/FLEX,3000,LAC@KC 12/14/2025 01:00PM ET,KC,5.7
WR,Nikko Remigio (41117646),Nikko Remigio,41117646,WR/FLEX,3000,LAC@KC 12/14/2025 01:00PM ET,KC,0.35
WR,Jalen Royals (41117648),Jalen Royals,41117648,WR/FLEX,3000,LAC@KC 12/14/2025 01:00PM ET,KC,0
WR,Jason Brownlee (41117650),Jason Brownlee,41117650,WR/FLEX,3000,LAC@KC 12/14/2025 01:00PM ET,KC,0
WR,Derius Davis (41117772),Derius Davis,41117772,WR/FLEX,3000,LAC@KC 12/14/2025 01:00PM ET,LAC,0.08
WR,KeAndre Lambert-Smith (41117774),KeAndre Lambert-Smith,41117774,WR/FLEX,3000,LAC@KC 12/14/2025 01:00PM ET,LAC,0.18
WR,JaQuae Jackson (41117776),JaQuae Jackson,41117776,WR/FLEX,3000,LAC@KC 12/14/2025 01:00PM ET,LAC,0
WR,Dalevon Campbell (41117778),Dalevon Campbell,41117778,WR/FLEX,3000,LAC@KC 12/14/2025 01:00PM ET,LAC,0
WR,Tyrell Shavers (41117532),Tyrell Shavers,41117532,WR/FLEX,3000,BUF@NE 12/14/2025 01:00PM ET,BUF,2.83
WR,Curtis Samuel (41117534),Curtis Samuel,41117534,WR/FLEX,3000,BUF@NE 12/14/2025 01:00PM ET,BUF,3.52
WR,Mecole Hardman Jr. (41117536),Mecole Hardman Jr.,41117536,WR/FLEX,3000,BUF@NE 12/14/2025 01:00PM ET,BUF,-1
WR,Stephen Gosnell (41117538),Stephen Gosnell,41117538,WR/FLEX,3000,BUF@NE 12/14/2025 01:00PM ET,BUF,0
WR,Kyle Williams (41117678),Kyle Williams,41117678,WR/FLEX,3000,BUF@NE 12/14/2025 01:00PM ET,NE,2.39
WR,Efton Chism III (41117680),Efton Chism III,41117680,WR/FLEX,3000,BUF@NE 12/14/2025 01:00PM ET,NE,0
WR,John Jiles (41117682),John Jiles,41117682,WR/FLEX,3000,BUF@NE 12/14/2025 01:00PM ET,NE,0
WR,Jeremiah Webb (41117684),Jeremiah Webb,41117684,WR/FLEX,3000,BUF@NE 12/14/2025 01:00PM ET,NE,0
TE,Dawson Knox (41117906),Dawson Knox,41117906,TE/FLEX,3000,BUF@NE 12/14/2025 01:00PM ET,BUF,4.97
WR,Gunner Olszewski (41117702),Gunner Olszewski,41117702,WR/FLEX,3000,WAS@NYG 12/14/2025 01:00PM ET,NYG,1.06
WR,Jalin Hyatt (41117704),Jalin Hyatt,41117704,WR/FLEX,3000,WAS@NYG 12/14/2025 01:00PM ET,NYG,1.21
WR,Malik Nabers (41117706),Malik Nabers,41117706,WR/FLEX,3000,WAS@NYG 12/14/2025 01:00PM ET,NYG,15.02
WR,Beaux Collins (41117708),Beaux Collins,41117708,WR/FLEX,3000,WAS@NYG 12/14/2025 01:00PM ET,NYG,0.5
WR,Bryce Ford-Wheaton (41117710),Bryce Ford-Wheaton,41117710,WR/FLEX,3000,WAS@NYG 12/14/2025 01:00PM ET,NYG,0
WR,Da'Quan Felton (41117712),Da'Quan Felton,41117712,WR/FLEX,3000,WAS@NYG 12/14/2025 01:00PM ET,NYG,0
WR,Dalen Cambre (41117714),Dalen Cambre,41117714,WR/FLEX,3000,WAS@NYG 12/14/2025 01:00PM ET,NYG,0
WR,Ray-Ray McCloud III (41117716),Ray-Ray McCloud III,41117716,WR/FLEX,3000,WAS@NYG 12/14/2025 01:00PM ET,NYG,2.32
WR,Ihmir Smith-Marsette (41117718),Ihmir Smith-Marsette,41117718,WR/FLEX,3000,WAS@NYG 12/14/2025 01:00PM ET,NYG,0
WR,Treylon Burks (41117808),Treylon Burks,41117808,WR/FLEX,3000,WAS@NYG 12/14/2025 01:00PM ET,WAS,4.68
WR,Jaylin Lane (41117810),Jaylin Lane,41117810,WR/FLEX,3000,WAS@NYG 12/14/2025 01:00PM ET,WAS,3.4
WR,Luke McCaffrey (41117812),Luke McCaffrey,41117812,WR/FLEX,3000,WAS@NYG 12/14/2025 01:00PM ET,WAS,5.7
WR,River Cracraft (41117814),River Cracraft,41117814,WR/FLEX,3000,WAS@NYG 12/14/2025 01:00PM ET,WAS,0
WR,Jacoby Jones (41117816),Jacoby Jones,41117816,WR/FLEX,3000,WAS@NYG 12/14/2025 01:00PM ET,WAS,3.5
WR,Robbie Chosen (41117818),Robbie Chosen,41117818,WR/FLEX,3000,WAS@NYG 12/14/2025 01:00PM ET,WAS,3.43
WR,Dont'e Thornton Jr. (41117652),Dont'e Thornton Jr.,41117652,WR/FLEX,3000,LV@PHI 12/14/2025 01:00PM ET,LV,1.84
WR,Alex Bachman (41117654),Alex Bachman,41117654,WR/FLEX,3000,LV@PHI 12/14/2025 01:00PM ET,LV,0.19
WR,Shedrick Jackson (41117656),Shedrick Jackson,41117656,WR/FLEX,3000,LV@PHI 12/14/2025 01:00PM ET,LV,4.75
WR,DJ Turner (41117658),DJ Turner,41117658,WR/FLEX,3000,LV@PHI 12/14/2025 01:00PM ET,LV,0
WR,Brenden Rice (41117660),Brenden Rice,41117660,WR/FLEX,3000,LV@PHI 12/14/2025 01:00PM ET,LV,0
WR,Phillip Dorsett II (41117662),Phillip Dorsett II,41117662,WR/FLEX,3000,LV@PHI 12/14/2025 01:00PM ET,LV,0
WR,Justin Shorter (41117664),Justin Shorter,41117664,WR/FLEX,3000,LV@PHI 12/14/2025 01:00PM ET,LV,0
WR,Jahan Dotson (41117740),Jahan Dotson,41117740,WR/FLEX,3000,LV@PHI 12/14/2025 01:00PM ET,PHI,2.99
WR,Darius Cooper (41117742),Darius Cooper,41117742,WR/FLEX,3000,LV@PHI 12/14/2025 01:00PM ET,PHI,0.62
WR,Britain Covey (41117744),Britain Covey,41117744,WR/FLEX,3000,LV@PHI 12/14/2025 01:00PM ET,PHI,0
WR,Johnny Wilson (41117746),Johnny Wilson,41117746,WR/FLEX,3000,LV@PHI 12/14/2025 01:00PM ET,PHI,0
WR,Terrace Marshall (41117748),Terrace Marshall,41117748,WR/FLEX,3000,LV@PHI 12/14/2025 01:00PM ET,PHI,0
WR,Xavier Gipson (41117750),Xavier Gipson,41117750,WR/FLEX,3000,LV@PHI 12/14/2025 01:00PM ET,PHI,0.1
WR,Quez Watkins (41117752),Quez Watkins,41117752,WR/FLEX,3000,LV@PHI 12/14/2025 01:00PM ET,PHI,0
WR,Danny Gray (41117754),Danny Gray,41117754,WR/FLEX,3000,LV@PHI 12/14/2025 01:00PM ET,PHI,0
WR,Lil'Jordan Humphrey (41117586),Lil'Jordan Humphrey,41117586,WR/FLEX,3000,GB@DEN 12/14/2025 04:25PM ET,DEN,2.53
WR,Elijah Moore (41117588),Elijah Moore,41117588,WR/FLEX,3000,GB@DEN 12/14/2025 04:25PM ET,DEN,3.18
WR,A.T. Perry (41117590),A.T. Perry,41117590,WR/FLEX,3000,GB@DEN 12/14/2025 04:25PM ET,DEN,0
WR,Michael Bandy (41117592),Michael Bandy,41117592,WR/FLEX,3000,GB@DEN 12/14/2025 04:25PM ET,DEN,0.8
WR,Savion Williams (41117604),Savion Williams,41117604,WR/FLEX,3000,GB@DEN 12/14/2025 04:25PM ET,GB,2.33
WR,Isaiah Neyor (41117606),Isaiah Neyor,41117606,WR/FLEX,3000,GB@DEN 12/14/2025 04:25PM ET,GB,0
WR,Jakobie Keeney-James (41117608),Jakobie Keeney-James,41117608,WR/FLEX,3000,GB@DEN 12/14/2025 04:25PM ET,GB,0
WR,Will Sheppard (41117610),Will Sheppard,41117610,WR/FLEX,3000,GB@DEN 12/14/2025 04:25PM ET,GB,0
WR,Tom Kennedy (41117594),Tom Kennedy,41117594,WR/FLEX,3000,DET@LAR 12/14/2025 04:25PM ET,DET,3.8
WR,Dominic Lovett (41117596),Dominic Lovett,41117596,WR/FLEX,3000,DET@LAR 12/14/2025 04:25PM ET,DET,0
WR,Malik Cunningham (41117598),Malik Cunningham,41117598,WR/FLEX,3000,DET@LAR 12/14/2025 04:25PM ET,DET,0.1
WR,Jackson Meeks (41117600),Jackson Meeks,41117600,WR/FLEX,3000,DET@LAR 12/14/2025 04:25PM ET,DET,0
WR,Andrew Armstrong (41117602),Andrew Armstrong,41117602,WR/FLEX,3000,DET@LAR 12/14/2025 04:25PM ET,DET,0
WR,Xavier Smith (41117666),Xavier Smith,41117666,WR/FLEX,3000,DET@LAR 12/14/2025 04:25PM ET,LAR,2.36
WR,Jordan Whittington (41117668),Jordan Whittington,41117668,WR/FLEX,3000,DET@LAR 12/14/2025 04:25PM ET,LAR,2.57
WR,Konata Mumpfield (41117670),Konata Mumpfield,41117670,WR/FLEX,3000,DET@LAR 12/14/2025 04:25PM ET,LAR,1.17
WR,Brennan Presley (41117672),Brennan Presley,41117672,WR/FLEX,3000,DET@LAR 12/14/2025 04:25PM ET,LAR,0
WR,Tru Edwards (41117674),Tru Edwards,41117674,WR/FLEX,3000,DET@LAR 12/14/2025 04:25PM ET,LAR,0
WR,Tyler Scott (41117676),Tyler Scott,41117676,WR/FLEX,3000,DET@LAR 12/14/2025 04:25PM ET,LAR,0
DST,Rams  (41118168),Rams ,41118168,DST,3000,DET@LAR 12/14/2025 04:25PM ET,LAR,8.62
WR,Mason Tipton (41117686),Mason Tipton,41117686,WR/FLEX,3000,CAR@NO 12/14/2025 04:25PM ET,NO,0.93
WR,Dante Pettis (41117688),Dante Pettis,41117688,WR/FLEX,3000,CAR@NO 12/14/2025 04:25PM ET,NO,0.6
WR,Kevin Austin Jr. (41117690),Kevin Austin Jr.,41117690,WR/FLEX,3000,CAR@NO 12/14/2025 04:25PM ET,NO,0
WR,Trey Palmer (41117692),Trey Palmer,41117692,WR/FLEX,3000,CAR@NO 12/14/2025 04:25PM ET,NO,0
WR,Ja'Lynn Polk (41117694),Ja'Lynn Polk,41117694,WR/FLEX,3000,CAR@NO 12/14/2025 04:25PM ET,NO,0
WR,Bub Means (41117696),Bub Means,41117696,WR/FLEX,3000,CAR@NO 12/14/2025 04:25PM ET,NO,0
WR,Samori Toure (41117698),Samori Toure,41117698,WR/FLEX,3000,CAR@NO 12/14/2025 04:25PM ET,NO,0
WR,Ronnie Bell (41117700),Ronnie Bell,41117700,WR/FLEX,3000,CAR@NO 12/14/2025 04:25PM ET,NO,0
WR,Brycen Tremayne (41117820),Brycen Tremayne,41117820,WR/FLEX,3000,CAR@NO 12/14/2025 04:25PM ET,CAR,2.11
WR,Jimmy Horn Jr. (41117822),Jimmy Horn Jr.,41117822,WR/FLEX,3000,CAR@NO 12/14/2025 04:25PM ET,CAR,1.91
WR,Hunter Renfrow (41117824),Hunter Renfrow,41117824,WR/FLEX,3000,CAR@NO 12/14/2025 04:25PM ET,CAR,5.98
WR,David Moore (41117826),David Moore,41117826,WR/FLEX,3000,CAR@NO 12/14/2025 04:25PM ET,CAR,0.68
WR,Ainias Smith (41117828),Ainias Smith,41117828,WR/FLEX,3000,CAR@NO 12/14/2025 04:25PM ET,CAR,0
WR,Dan Chisena (41117830),Dan Chisena,41117830,WR/FLEX,3000,CAR@NO 12/14/2025 04:25PM ET,CAR,0
WR,Ja'seem Reed (41117832),Ja'seem Reed,41117832,WR/FLEX,3000,CAR@NO 12/14/2025 04:25PM ET,CAR,0
WR,Laquon Treadwell (41117630),Laquon Treadwell,41117630,WR/FLEX,3000,IND@SEA 12/14/2025 04:25PM ET,IND,0
WR,Anthony Gould (41117632),Anthony Gould,41117632,WR/FLEX,3000,IND@SEA 12/14/2025 04:25PM ET,IND,0.24
WR,Ashton Dulin (41117634),Ashton Dulin,41117634,WR/FLEX,3000,IND@SEA 12/14/2025 04:25PM ET,IND,2
WR,D.J. Montgomery (41117636),D.J. Montgomery,41117636,WR/FLEX,3000,IND@SEA 12/14/2025 04:25PM ET,IND,0
WR,Coleman Owen (41117638),Coleman Owen,41117638,WR/FLEX,3000,IND@SEA 12/14/2025 04:25PM ET,IND,0
WR,Eli Pancol (41117640),Eli Pancol,41117640,WR/FLEX,3000,IND@SEA 12/14/2025 04:25PM ET,IND,0
WR,Cody White (41117794),Cody White,41117794,WR/FLEX,3000,IND@SEA 12/14/2025 04:25PM ET,SEA,2.57
WR,Jake Bobo (41117796),Jake Bobo,41117796,WR/FLEX,3000,IND@SEA 12/14/2025 04:25PM ET,SEA,0.5
WR,Dareke Young (41117798),Dareke Young,41117798,WR/FLEX,3000,IND@SEA 12/14/2025 04:25PM ET,SEA,1.13
WR,Tory Horton (41117800),Tory Horton,41117800,WR/FLEX,3000,IND@SEA 12/14/2025 04:25PM ET,SEA,8.14
WR,Ricky White III (41117802),Ricky White III,41117802,WR/FLEX,3000,IND@SEA 12/14/2025 04:25PM ET,SEA,0
WR,Jimmy Holiday (41117804),Jimmy Holiday,41117804,WR/FLEX,3000,IND@SEA 12/14/2025 04:25PM ET,SEA,0
WR,Courtney Jackson (41117806),Courtney Jackson,41117806,WR/FLEX,3000,IND@SEA 12/14/2025 04:25PM ET,SEA,0
WR,Van Jefferson (41117612),Van Jefferson,41117612,WR/FLEX,3000,TEN@SF 12/14/2025 04:25PM ET,TEN,4.05
WR,James Proche II (41117614),James Proche II,41117614,WR/FLEX,3000,TEN@SF 12/14/2025 04:25PM ET,TEN,1.9
WR,Mason Kinsey (41117616),Mason Kinsey,41117616,WR/FLEX,3000,TEN@SF 12/14/2025 04:25PM ET,TEN,0.4
WR,Calvin Ridley (41117618),Calvin Ridley,41117618,WR/FLEX,3000,TEN@SF 12/14/2025 04:25PM ET,TEN,7.19
WR,Bryce Oliver (41117620),Bryce Oliver,41117620,WR/FLEX,3000,TEN@SF 12/14/2025 04:25PM ET,TEN,0.9
WR,Hal Presley III (41117622),Hal Presley III,41117622,WR/FLEX,3000,TEN@SF 12/14/2025 04:25PM ET,TEN,0
WR,Xavier Restrepo (41117624),Xavier Restrepo,41117624,WR/FLEX,3000,TEN@SF 12/14/2025 04:25PM ET,TEN,3.55
WR,Lance McCutcheon (41117626),Lance McCutcheon,41117626,WR/FLEX,3000,TEN@SF 12/14/2025 04:25PM ET,TEN,0
WR,Kristian Wilkerson (41117628),Kristian Wilkerson,41117628,WR/FLEX,3000,TEN@SF 12/14/2025 04:25PM ET,TEN,0
WR,Demarcus Robinson (41117780),Demarcus Robinson,41117780,WR/FLEX,3000,TEN@SF 12/14/2025 04:25PM ET,SF,3.19
WR,Skyy Moore (41117782),Skyy Moore,41117782,WR/FLEX,3000,TEN@SF 12/14/2025 04:25PM ET,SF,0.81
WR,Jordan Watkins (41117784),Jordan Watkins,41117784,WR/FLEX,3000,TEN@SF 12/14/2025 04:25PM ET,SF,1.53
WR,Jacob Cowing (41117786),Jacob Cowing,41117786,WR/FLEX,3000,TEN@SF 12/14/2025 04:25PM ET,SF,0
WR,Trent Taylor (41117788),Trent Taylor,41117788,WR/FLEX,3000,TEN@SF 12/14/2025 04:25PM ET,SF,0
WR,Junior Bergen (41117790),Junior Bergen,41117790,WR/FLEX,3000,TEN@SF 12/14/2025 04:25PM ET,SF,0
WR,Malik Turner (41117792),Malik Turner,41117792,WR/FLEX,3000,TEN@SF 12/14/2025 04:25PM ET,SF,0
DST,Bills  (41118169),Bills ,41118169,DST,2900,BUF@NE 12/14/2025 01:00PM ET,BUF,6.77
TE,John Bates (41117912),John Bates,41117912,TE/FLEX,2900,WAS@NYG 12/14/2025 01:00PM ET,WAS,1.37
TE,Michael Mayer (41117910),Michael Mayer,41117910,TE/FLEX,2900,LV@PHI 12/14/2025 01:00PM ET,LV,5.13
TE,Noah Fant (41117914),Noah Fant,41117914,TE/FLEX,2800,BAL@CIN 12/14/2025 01:00PM ET,CIN,6.44
DST,Patriots  (41118171),Patriots ,41118171,DST,2800,BUF@NE 12/14/2025 01:00PM ET,NE,8.08
DST,Packers  (41118170),Packers ,41118170,DST,2800,GB@DEN 12/14/2025 04:25PM ET,GB,5.85
TE,Gunnar Helm (41117916),Gunnar Helm,41117916,TE/FLEX,2800,TEN@SF 12/14/2025 04:25PM ET,TEN,5.6
DST,Browns  (41118172),Browns ,41118172,DST,2700,CLE@CHI 12/14/2025 01:00PM ET,CLE,7.62
TE,Ben Sinnott (41117920),Ben Sinnott,41117920,TE/FLEX,2700,WAS@NYG 12/14/2025 01:00PM ET,WAS,1.18
DST,Giants  (41118173),Giants ,41118173,DST,2700,WAS@NYG 12/14/2025 01:00PM ET,NYG,2.62
TE,Taysom Hill (41117918),Taysom Hill,41117918,TE/FLEX,2700,CAR@NO 12/14/2025 04:25PM ET,NO,2.23
TE,Cole Kmet (41117922),Cole Kmet,41117922,TE/FLEX,2600,CLE@CHI 12/14/2025 01:00PM ET,CHI,5.11
DST,Commanders  (41118175),Commanders ,41118175,DST,2600,WAS@NYG 12/14/2025 01:00PM ET,WAS,4.08
TE,Ross Dwelley (41117924),Ross Dwelley,41117924,TE/FLEX,2600,DET@LAR 12/14/2025 04:25PM ET,DET,0.24
DST,Lions  (41118174),Lions ,41118174,DST,2600,DET@LAR 12/14/2025 04:25PM ET,DET,6.31
TE,Durham Smythe (41117940),Durham Smythe,41117940,TE/FLEX,2500,CLE@CHI 12/14/2025 01:00PM ET,CHI,0.34
TE,Qadir Ismail (41117942),Qadir Ismail,41117942,TE/FLEX,2500,CLE@CHI 12/14/2025 01:00PM ET,CHI,0
TE,Stephen Carlson (41117944),Stephen Carlson,41117944,TE/FLEX,2500,CLE@CHI 12/14/2025 01:00PM ET,CHI,0
TE,Blake Whiteheart (41117956),Blake Whiteheart,41117956,TE/FLEX,2500,CLE@CHI 12/14/2025 01:00PM ET,CLE,0.18
TE,Brenden Bates (41117958),Brenden Bates,41117958,TE/FLEX,2500,CLE@CHI 12/14/2025 01:00PM ET,CLE,0.86
TE,Caden Prieskorn (41117960),Caden Prieskorn,41117960,TE/FLEX,2500,CLE@CHI 12/14/2025 01:00PM ET,CLE,0
TE,Sal Cannella (41117962),Sal Cannella,41117962,TE/FLEX,2500,CLE@CHI 12/14/2025 01:00PM ET,CLE,0
TE,Drew Sample (41117946),Drew Sample,41117946,TE/FLEX,2500,BAL@CIN 12/14/2025 01:00PM ET,CIN,1.32
TE,Tanner Hudson (41117948),Tanner Hudson,41117948,TE/FLEX,2500,BAL@CIN 12/14/2025 01:00PM ET,CIN,3.34
TE,Cam Grandy (41117950),Cam Grandy,41117950,TE/FLEX,2500,BAL@CIN 12/14/2025 01:00PM ET,CIN,0.53
TE,Erick All Jr. (41117952),Erick All Jr.,41117952,TE/FLEX,2500,BAL@CIN 12/14/2025 01:00PM ET,CIN,0
TE,William Wagner (41117954),William Wagner,41117954,TE/FLEX,2500,BAL@CIN 12/14/2025 01:00PM ET,CIN,0
TE,Charlie Kolar (41118154),Charlie Kolar,41118154,TE/FLEX,2500,BAL@CIN 12/14/2025 01:00PM ET,BAL,2.57
TE,Scotty Washington (41118156),Scotty Washington,41118156,TE/FLEX,2500,BAL@CIN 12/14/2025 01:00PM ET,BAL,0
TE,Cade Stover (41117930),Cade Stover,41117930,TE/FLEX,2500,ARI@HOU 12/14/2025 01:00PM ET,HOU,2.02
TE,Harrison Bryant (41117932),Harrison Bryant,41117932,TE/FLEX,2500,ARI@HOU 12/14/2025 01:00PM ET,HOU,0.34
TE,Jakob Johnson (41117934),Jakob Johnson,41117934,TE/FLEX,2500,ARI@HOU 12/14/2025 01:00PM ET,HOU,0
TE,Luke Lachey (41117936),Luke Lachey,41117936,TE/FLEX,2500,ARI@HOU 12/14/2025 01:00PM ET,HOU,0
TE,Brevin Jordan (41117938),Brevin Jordan,41117938,TE/FLEX,2500,ARI@HOU 12/14/2025 01:00PM ET,HOU,0
TE,Elijah Higgins (41118092),Elijah Higgins,41118092,TE/FLEX,2500,ARI@HOU 12/14/2025 01:00PM ET,ARI,2.76
TE,Pharaoh Brown (41118094),Pharaoh Brown,41118094,TE/FLEX,2500,ARI@HOU 12/14/2025 01:00PM ET,ARI,0
TE,Josiah Deguara (41118096),Josiah Deguara,41118096,TE/FLEX,2500,ARI@HOU 12/14/2025 01:00PM ET,ARI,0.2
TE,Tip Reiman (41118098),Tip Reiman,41118098,TE/FLEX,2500,ARI@HOU 12/14/2025 01:00PM ET,ARI,1.2
TE,Travis Vokolek (41118100),Travis Vokolek,41118100,TE/FLEX,2500,ARI@HOU 12/14/2025 01:00PM ET,ARI,0
TE,Messiah Swinson (41118102),Messiah Swinson,41118102,TE/FLEX,2500,ARI@HOU 12/14/2025 01:00PM ET,ARI,0
TE,Jeremy Ruckert (41118076),Jeremy Ruckert,41118076,TE/FLEX,2500,NYJ@JAX 12/14/2025 01:00PM ET,NYJ,3
TE,Stone Smartt (41118078),Stone Smartt,41118078,TE/FLEX,2500,NYJ@JAX 12/14/2025 01:00PM ET,NYJ,0
TE,Jelani Woods (41118080),Jelani Woods,41118080,TE/FLEX,2500,NYJ@JAX 12/14/2025 01:00PM ET,NYJ,0
TE,Quintin Morris (41118144),Quintin Morris,41118144,TE/FLEX,2500,NYJ@JAX 12/14/2025 01:00PM ET,JAX,0.45
TE,Hunter Long (41118146),Hunter Long,41118146,TE/FLEX,2500,NYJ@JAX 12/14/2025 01:00PM ET,JAX,3.61
TE,Johnny Mundt (41118148),Johnny Mundt,41118148,TE/FLEX,2500,NYJ@JAX 12/14/2025 01:00PM ET,JAX,1.46
TE,Patrick Herbert (41118150),Patrick Herbert,41118150,TE/FLEX,2500,NYJ@JAX 12/14/2025 01:00PM ET,JAX,0
TE,Jordan Akins (41118152),Jordan Akins,41118152,TE/FLEX,2500,NYJ@JAX 12/14/2025 01:00PM ET,JAX,0
TE,Noah Gray (41118016),Noah Gray,41118016,TE/FLEX,2500,LAC@KC 12/14/2025 01:00PM ET,KC,2.63
TE,Robert Tonyan (41118018),Robert Tonyan,41118018,TE/FLEX,2500,LAC@KC 12/14/2025 01:00PM ET,KC,0.08
TE,Jared Wiley (41118020),Jared Wiley,41118020,TE/FLEX,2500,LAC@KC 12/14/2025 01:00PM ET,KC,0.7
TE,Jake Briningstool (41118022),Jake Briningstool,41118022,TE/FLEX,2500,LAC@KC 12/14/2025 01:00PM ET,KC,0
TE,Tre Watson (41118024),Tre Watson,41118024,TE/FLEX,2500,LAC@KC 12/14/2025 01:00PM ET,KC,0
TE,James Winchester (41118026),James Winchester,41118026,TE/FLEX,2500,LAC@KC 12/14/2025 01:00PM ET,KC,0
TE,Tucker Fisk (41118104),Tucker Fisk,41118104,TE/FLEX,2500,LAC@KC 12/14/2025 01:00PM ET,LAC,0.39
TE,Tyler Conklin (41118106),Tyler Conklin,41118106,TE/FLEX,2500,LAC@KC 12/14/2025 01:00PM ET,LAC,1.31
TE,Will Dissly (41118108),Will Dissly,41118108,TE/FLEX,2500,LAC@KC 12/14/2025 01:00PM ET,LAC,1.88
TE,Thomas Yassmin (41118110),Thomas Yassmin,41118110,TE/FLEX,2500,LAC@KC 12/14/2025 01:00PM ET,LAC,0
DST,Chargers  (41118177),Chargers ,41118177,DST,2500,LAC@KC 12/14/2025 01:00PM ET,LAC,6.23
TE,Jackson Hawes (41117926),Jackson Hawes,41117926,TE/FLEX,2500,BUF@NE 12/14/2025 01:00PM ET,BUF,3.48
TE,Keleki Latu (41117928),Keleki Latu,41117928,TE/FLEX,2500,BUF@NE 12/14/2025 01:00PM ET,BUF,0.47
TE,Austin Hooper (41118046),Austin Hooper,41118046,TE/FLEX,2500,BUF@NE 12/14/2025 01:00PM ET,NE,3.61
TE,CJ Dippre (41118048),CJ Dippre,41118048,TE/FLEX,2500,BUF@NE 12/14/2025 01:00PM ET,NE,0
TE,Thomas Odukoya (41118050),Thomas Odukoya,41118050,TE/FLEX,2500,BUF@NE 12/14/2025 01:00PM ET,NE,0
TE,Daniel Bellinger (41118066),Daniel Bellinger,41118066,TE/FLEX,2500,WAS@NYG 12/14/2025 01:00PM ET,NYG,3.18
TE,Chris Manhertz (41118068),Chris Manhertz,41118068,TE/FLEX,2500,WAS@NYG 12/14/2025 01:00PM ET,NYG,0.13
TE,Thomas Fidone II (41118070),Thomas Fidone II,41118070,TE/FLEX,2500,WAS@NYG 12/14/2025 01:00PM ET,NYG,0
TE,Zach Davidson (41118072),Zach Davidson,41118072,TE/FLEX,2500,WAS@NYG 12/14/2025 01:00PM ET,NYG,0
TE,Maximilian Mang (41118074),Maximilian Mang,41118074,TE/FLEX,2500,WAS@NYG 12/14/2025 01:00PM ET,NYG,0
TE,Zach Ertz (41118124),Zach Ertz,41118124,TE/FLEX,2500,WAS@NYG 12/14/2025 01:00PM ET,WAS,9.95
TE,Colson Yankoff (41118126),Colson Yankoff,41118126,TE/FLEX,2500,WAS@NYG 12/14/2025 01:00PM ET,WAS,0.34
TE,Tyree Jackson (41118128),Tyree Jackson,41118128,TE/FLEX,2500,WAS@NYG 12/14/2025 01:00PM ET,WAS,0
TE,Tyler Ott (41118130),Tyler Ott,41118130,TE/FLEX,2500,WAS@NYG 12/14/2025 01:00PM ET,WAS,0
TE,Lawrence Cager (41118132),Lawrence Cager,41118132,TE/FLEX,2500,WAS@NYG 12/14/2025 01:00PM ET,WAS,0
TE,Ian Thomas (41118028),Ian Thomas,41118028,TE/FLEX,2500,LV@PHI 12/14/2025 01:00PM ET,LV,1.88
TE,Carter Runyon (41118030),Carter Runyon,41118030,TE/FLEX,2500,LV@PHI 12/14/2025 01:00PM ET,LV,0.14
TE,Albert Okwuegbunam Jr. (41118032),Albert Okwuegbunam Jr.,41118032,TE/FLEX,2500,LV@PHI 12/14/2025 01:00PM ET,LV,8.6
TE,Grant Calcaterra (41118082),Grant Calcaterra,41118082,TE/FLEX,2500,LV@PHI 12/14/2025 01:00PM ET,PHI,0.89
TE,Kylen Granson (41118084),Kylen Granson,41118084,TE/FLEX,2500,LV@PHI 12/14/2025 01:00PM ET,PHI,0.31
TE,Cameron Latu (41118086),Cameron Latu,41118086,TE/FLEX,2500,LV@PHI 12/14/2025 01:00PM ET,PHI,0
TE,E.J. Jenkins (41118088),E.J. Jenkins,41118088,TE/FLEX,2500,LV@PHI 12/14/2025 01:00PM ET,PHI,0
TE,Cal Adomitis (41118090),Cal Adomitis,41118090,TE/FLEX,2500,LV@PHI 12/14/2025 01:00PM ET,PHI,0
TE,Nate Adkins (41117964),Nate Adkins,41117964,TE/FLEX,2500,GB@DEN 12/14/2025 04:25PM ET,DEN,2.8
TE,Adam Trautman (41117966),Adam Trautman,41117966,TE/FLEX,2500,GB@DEN 12/14/2025 04:25PM ET,DEN,2.9
TE,Marcedes Lewis (41117968),Marcedes Lewis,41117968,TE/FLEX,2500,GB@DEN 12/14/2025 04:25PM ET,DEN,0
TE,Lucas Krull (41117970),Lucas Krull,41117970,TE/FLEX,2500,GB@DEN 12/14/2025 04:25PM ET,DEN,1.17
TE,Patrick Murtagh (41117972),Patrick Murtagh,41117972,TE/FLEX,2500,GB@DEN 12/14/2025 04:25PM ET,DEN,0
TE,Mitchell Fraboni (41117974),Mitchell Fraboni,41117974,TE/FLEX,2500,GB@DEN 12/14/2025 04:25PM ET,DEN,0
TE,Caleb Lohner (41117976),Caleb Lohner,41117976,TE/FLEX,2500,GB@DEN 12/14/2025 04:25PM ET,DEN,0
TE,Luke Musgrave (41117992),Luke Musgrave,41117992,TE/FLEX,2500,GB@DEN 12/14/2025 04:25PM ET,GB,2.55
TE,John FitzPatrick (41117994),John FitzPatrick,41117994,TE/FLEX,2500,GB@DEN 12/14/2025 04:25PM ET,GB,1.57
TE,Josh Whyle (41117996),Josh Whyle,41117996,TE/FLEX,2500,GB@DEN 12/14/2025 04:25PM ET,GB,2.28
TE,Tucker Kraft (41117998),Tucker Kraft,41117998,TE/FLEX,2500,GB@DEN 12/14/2025 04:25PM ET,GB,15.4
TE,Drake Dabney (41118000),Drake Dabney,41118000,TE/FLEX,2500,GB@DEN 12/14/2025 04:25PM ET,GB,0
TE,McCallan Castles (41118002),McCallan Castles,41118002,TE/FLEX,2500,GB@DEN 12/14/2025 04:25PM ET,GB,0
TE,Anthony Firkser (41117978),Anthony Firkser,41117978,TE/FLEX,2500,DET@LAR 12/14/2025 04:25PM ET,DET,1.03
TE,Hayden Rucci (41117980),Hayden Rucci,41117980,TE/FLEX,2500,DET@LAR 12/14/2025 04:25PM ET,DET,0
TE,Shane Zylstra (41117982),Shane Zylstra,41117982,TE/FLEX,2500,DET@LAR 12/14/2025 04:25PM ET,DET,0
TE,Brock Wright (41117984),Brock Wright,41117984,TE/FLEX,2500,DET@LAR 12/14/2025 04:25PM ET,DET,3.34
TE,Sam LaPorta (41117986),Sam LaPorta,41117986,TE/FLEX,2500,DET@LAR 12/14/2025 04:25PM ET,DET,11.88
TE,Giovanni Ricci (41117988),Giovanni Ricci,41117988,TE/FLEX,2500,DET@LAR 12/14/2025 04:25PM ET,DET,0
TE,Zach Horton (41117990),Zach Horton,41117990,TE/FLEX,2500,DET@LAR 12/14/2025 04:25PM ET,DET,0
TE,Davis Allen (41118034),Davis Allen,41118034,TE/FLEX,2500,DET@LAR 12/14/2025 04:25PM ET,LAR,4.06
TE,Terrance Ferguson (41118036),Terrance Ferguson,41118036,TE/FLEX,2500,DET@LAR 12/14/2025 04:25PM ET,LAR,2.26
TE,Nick Vannett (41118038),Nick Vannett,41118038,TE/FLEX,2500,DET@LAR 12/14/2025 04:25PM ET,LAR,0
TE,Tyler Higbee (41118040),Tyler Higbee,41118040,TE/FLEX,2500,DET@LAR 12/14/2025 04:25PM ET,LAR,5.67
TE,Nick Muse (41118042),Nick Muse,41118042,TE/FLEX,2500,DET@LAR 12/14/2025 04:25PM ET,LAR,0
TE,Mark Redman (41118044),Mark Redman,41118044,TE/FLEX,2500,DET@LAR 12/14/2025 04:25PM ET,LAR,0
TE,Foster Moreau (41118052),Foster Moreau,41118052,TE/FLEX,2500,CAR@NO 12/14/2025 04:25PM ET,NO,1.27
TE,Jack Stoll (41118054),Jack Stoll,41118054,TE/FLEX,2500,CAR@NO 12/14/2025 04:25PM ET,NO,1.12
TE,Zaire Mitchell-Paden (41118056),Zaire Mitchell-Paden,41118056,TE/FLEX,2500,CAR@NO 12/14/2025 04:25PM ET,NO,0.46
TE,Mason Pline (41118058),Mason Pline,41118058,TE/FLEX,2500,CAR@NO 12/14/2025 04:25PM ET,NO,0
TE,Zach Wood (41118060),Zach Wood,41118060,TE/FLEX,2500,CAR@NO 12/14/2025 04:25PM ET,NO,0
TE,Moliki Matavao (41118062),Moliki Matavao,41118062,TE/FLEX,2500,CAR@NO 12/14/2025 04:25PM ET,NO,0
TE,Treyton Welch (41118064),Treyton Welch,41118064,TE/FLEX,2500,CAR@NO 12/14/2025 04:25PM ET,NO,0
TE,Tommy Tremble (41118134),Tommy Tremble,41118134,TE/FLEX,2500,CAR@NO 12/14/2025 04:25PM ET,CAR,3.43
TE,Ja'Tavion Sanders (41118136),Ja'Tavion Sanders,41118136,TE/FLEX,2500,CAR@NO 12/14/2025 04:25PM ET,CAR,4.26
TE,Mitchell Evans (41118138),Mitchell Evans,41118138,TE/FLEX,2500,CAR@NO 12/14/2025 04:25PM ET,CAR,3.06
TE,James Mitchell (41118140),James Mitchell,41118140,TE/FLEX,2500,CAR@NO 12/14/2025 04:25PM ET,CAR,1.45
TE,Bryce Pierre (41118142),Bryce Pierre,41118142,TE/FLEX,2500,CAR@NO 12/14/2025 04:25PM ET,CAR,0
DST,Saints  (41118176),Saints ,41118176,DST,2500,CAR@NO 12/14/2025 04:25PM ET,NO,5.85
TE,Mo Alie-Cox (41118008),Mo Alie-Cox,41118008,TE/FLEX,2500,IND@SEA 12/14/2025 04:25PM ET,IND,0.84
TE,Drew Ogletree (41118010),Drew Ogletree,41118010,TE/FLEX,2500,IND@SEA 12/14/2025 04:25PM ET,IND,0.82
TE,Will Mallory (41118012),Will Mallory,41118012,TE/FLEX,2500,IND@SEA 12/14/2025 04:25PM ET,IND,0
TE,Sean McKeon (41118014),Sean McKeon,41118014,TE/FLEX,2500,IND@SEA 12/14/2025 04:25PM ET,IND,0
TE,Elijah Arroyo (41118118),Elijah Arroyo,41118118,TE/FLEX,2500,IND@SEA 12/14/2025 04:25PM ET,SEA,2.92
TE,Nick Kallerup (41118120),Nick Kallerup,41118120,TE/FLEX,2500,IND@SEA 12/14/2025 04:25PM ET,SEA,0
TE,Eric Saubert (41118122),Eric Saubert,41118122,TE/FLEX,2500,IND@SEA 12/14/2025 04:25PM ET,SEA,0.31
TE,David Martin-Robinson (41118004),David Martin-Robinson,41118004,TE/FLEX,2500,TEN@SF 12/14/2025 04:25PM ET,TEN,0.67
TE,Joel Wilson (41118006),Joel Wilson,41118006,TE/FLEX,2500,TEN@SF 12/14/2025 04:25PM ET,TEN,0
TE,Luke Farrell (41118112),Luke Farrell,41118112,TE/FLEX,2500,TEN@SF 12/14/2025 04:25PM ET,SF,2.35
TE,Jake Tonges (41118114),Jake Tonges,41118114,TE/FLEX,2500,TEN@SF 12/14/2025 04:25PM ET,SF,5.58
TE,Brayden Willis (41118116),Brayden Willis,41118116,TE/FLEX,2500,TEN@SF 12/14/2025 04:25PM ET,SF,0
DST,Bengals  (41118178),Bengals ,41118178,DST,2400,BAL@CIN 12/14/2025 01:00PM ET,CIN,3.77
DST,Cardinals  (41118179),Cardinals ,41118179,DST,2400,ARI@HOU 12/14/2025 01:00PM ET,ARI,5.46
DST,Titans  (41118180),Titans ,41118180,DST,2300,TEN@SF 12/14/2025 04:25PM ET,TEN,5.38
DST,Colts  (41118181),Colts ,41118181,DST,2200,IND@SEA 12/14/2025 04:25PM ET,IND,7.15
DST,Jets  (41118182),Jets ,41118182,DST,2100,NYJ@JAX 12/14/2025 01:00PM ET,NYJ,4
DST,Raiders  (41118183),Raiders ,41118183,DST,2000,LV@PHI 12/14/2025 01:00PM ET,LV,4.23
